class,x1,y1,z1,v1,x2,y2,z2,v2,x3,y3,z3,v3,x4,y4,z4,v4,x5,y5,z5,v5,x6,y6,z6,v6,x7,y7,z7,v7,x8,y8,z8,v8,x9,y9,z9,v9,x10,y10,z10,v10,x11,y11,z11,v11,x12,y12,z12,v12,x13,y13,z13,v13,x14,y14,z14,v14,x15,y15,z15,v15,x16,y16,z16,v16,x17,y17,z17,v17,x18,y18,z18,v18,x19,y19,z19,v19,x20,y20,z20,v20,x21,y21,z21,v21,x22,y22,z22,v22,x23,y23,z23,v23,x24,y24,z24,v24,x25,y25,z25,v25,x26,y26,z26,v26,x27,y27,z27,v27,x28,y28,z28,v28,x29,y29,z29,v29,x30,y30,z30,v30,x31,y31,z31,v31,x32,y32,z32,v32,x33,y33,z33,v33
0.1498691588640213,-0.6140915751457214,-0.034638114273548126,0.9998605251312256,0.14251236617565155,-0.6548750996589661,-0.0250833872705698,0.999848484992981,0.14197686314582825,-0.6549431085586548,-0.026774434372782707,0.9997547268867493,0.14235973358154297,-0.6552426815032959,-0.024877287447452545,0.99979168176651,0.12783753871917725,-0.654219388961792,-0.055422618985176086,0.9998559951782227,0.13020573556423187,-0.6548666954040527,-0.05549401044845581,0.9998260140419006,0.1295909583568573,-0.6537418365478516,-0.05164191126823425,0.9998408555984497,0.08359067142009735,-0.6670145392417908,0.0606563463807106,0.999761164188385,0.01913703978061676,-0.6563574075698853,-0.06159934028983116,0.9998481273651123,0.11944827437400818,-0.5963441729545593,-0.0052009751088917255,0.9997984766960144,0.10205948352813721,-0.5920855402946472,-0.03918694704771042,0.9998636245727539,0.10219655930995941,-0.509757936000824,0.15477542579174042,0.9996285438537598,-0.071930430829525,-0.5197742581367493,-0.12711164355278015,0.9998407363891602,0.23026122152805328,-0.4297597408294678,0.16130430996418,0.4524509012699127,0.041313398629426956,-0.48371565341949463,-0.22209955751895905,0.9894306659698486,0.20771265029907227,-0.5570856332778931,0.0808413028717041,0.598048985004425,0.14517688751220703,-0.6409335732460022,-0.1798175573348999,0.9581380486488342,0.19597584009170532,-0.5884193778038025,0.06022863835096359,0.5077876448631287,0.15767255425453186,-0.6725803017616272,-0.20305544137954712,0.9211142063140869,0.17170748114585876,-0.6169548034667969,0.06271316856145859,0.4944422245025635,0.14556467533111572,-0.6810035109519958,-0.19176550209522247,0.9114018082618713,0.18990519642829895,-0.5745198130607605,0.07461755722761154,0.4884886145591736,0.14141501486301422,-0.6480021476745605,-0.1738882064819336,0.8881409168243408,0.0655302107334137,0.005785383749753237,0.08142593502998352,0.999788224697113,-0.06592850387096405,-0.006386270746588707,-0.0809483453631401,0.9998705387115479,0.07550318539142609,0.3686092793941498,0.147109255194664,0.5643579959869385,-0.05096663162112236,0.394199401140213,-0.0783364549279213,0.943073034286499,-0.002928592264652252,0.7204245924949646,0.2511082887649536,0.6456183195114136,-0.10400594770908356,0.7833554148674011,-0.04488108307123184,0.9511145949363708,-0.004506662487983704,0.7677435278892517,0.2557870149612427,0.7118288278579712,-0.10646800696849823,0.8285208940505981,-0.046147026121616364,0.8617011308670044,0.10391943156719208,0.8341982960700989,0.19686855375766754,0.7670658826828003,-0.0309605672955513,0.9012078642845154,-0.14844462275505066,0.9441534280776978
0.13619650900363922,-0.614968478679657,-0.028250889852643013,0.9998666644096375,0.13186943531036377,-0.6553152203559875,-0.017226526513695717,0.9998550415039062,0.13133566081523895,-0.6553734540939331,-0.018940458074212074,0.9997658729553223,0.1317051649093628,-0.6556644439697266,-0.01700504869222641,0.9997997283935547,0.11182901263237,-0.6552972197532654,-0.04401537403464317,0.9998613595962524,0.11412494629621506,-0.6560252904891968,-0.044035885483026505,0.99983149766922,0.11357176303863525,-0.6548895239830017,-0.04014863818883896,0.9998448491096497,0.08569473028182983,-0.6665970683097839,0.0759066566824913,0.9997622966766357,0.010386630892753601,-0.6589369177818298,-0.0264001302421093,0.9998494386672974,0.11464895308017731,-0.596508800983429,0.0027256894391030073,0.9997963905334473,0.0919964388012886,-0.5930275917053223,-0.026697510853409767,0.9998620748519897,0.11259984225034714,-0.5062084197998047,0.16776786744594574,0.9996286630630493,-0.07320082187652588,-0.5246664881706238,-0.08838918060064316,0.999839186668396,0.2390449345111847,-0.4258388876914978,0.16031239926815033,0.4582418203353882,0.04179418459534645,-0.49561378359794617,-0.16974472999572754,0.9894025325775146,0.2105487883090973,-0.5559744238853455,0.05013690143823624,0.61141037940979,0.14625339210033417,-0.6438319683074951,-0.1381189227104187,0.9587043523788452,0.199799582362175,-0.5875094532966614,0.02108178660273552,0.5231220126152039,0.15992870926856995,-0.6741108894348145,-0.16404451429843903,0.921995997428894,0.17513805627822876,-0.616489052772522,0.0281785000115633,0.5097551345825195,0.14928923547267914,-0.6830400228500366,-0.15708813071250916,0.912431538105011,0.19316497445106506,-0.5738193392753601,0.044669900089502335,0.5031164884567261,0.14382655918598175,-0.6508839726448059,-0.13395479321479797,0.889156699180603,0.06739798933267593,0.005926058627665043,0.08037619292736053,0.999789834022522,-0.06778844445943832,-0.006519764196127653,-0.07990536838769913,0.9998680353164673,0.07980279624462128,0.3635493814945221,0.1429046392440796,0.5623151659965515,-0.04825947433710098,0.38066768646240234,-0.09608736634254456,0.9417021870613098,0.02032918855547905,0.7102343440055847,0.24575839936733246,0.6466365456581116,-0.09634003788232803,0.7718700766563416,-0.07156012207269669,0.9509120583534241,0.02185302972793579,0.7568065524101257,0.25011423230171204,0.7097445130348206,-0.09823475033044815,0.8168221712112427,-0.0739850252866745,0.8571967482566833,0.12847627699375153,0.8117413520812988,0.18670745193958282,0.7666746377944946,-0.025918712839484215,0.8723210692405701,-0.18808935582637787,0.944335401058197
0.13037998974323273,-0.6150861978530884,-0.023077016696333885,0.9998736381530762,0.12687864899635315,-0.655339777469635,-0.011566081084311008,0.999862551689148,0.1263474076986313,-0.6553958058357239,-0.01328832097351551,0.9997783303260803,0.12671194970607758,-0.6556851267814636,-0.011329258792102337,0.9998092651367188,0.10540755838155746,-0.655561625957489,-0.03695138543844223,0.9998679757118225,0.1076880469918251,-0.6563223600387573,-0.03694824501872063,0.9998388290405273,0.1071491613984108,-0.6551802754402161,-0.03305128216743469,0.999850869178772,0.08736348897218704,-0.6658604145050049,0.08355849236249924,0.9997670650482178,0.006999732460826635,-0.6602742671966553,-0.014239073731005192,0.9998535513877869,0.11222531646490097,-0.5964760780334473,0.008463461883366108,0.9997994303703308,0.0877363532781601,-0.5932289361953735,-0.019176021218299866,0.9998641610145569,0.11852201819419861,-0.5036560297012329,0.17494773864746094,0.9996368288993835,-0.07408985495567322,-0.5263482332229614,-0.07495754212141037,0.9998419880867004,0.2453220933675766,-0.42270585894584656,0.16022518277168274,0.4656359851360321,0.04174887761473656,-0.4959031343460083,-0.15330128371715546,0.9894372224807739,0.2142946571111679,-0.5560301542282104,0.04236343875527382,0.6258089542388916,0.14625057578086853,-0.6424121856689453,-0.12336759269237518,0.9594536423683167,0.20411255955696106,-0.587936282157898,0.012245053425431252,0.5393710136413574,0.16010087728500366,-0.6713981032371521,-0.1493106484413147,0.9231812953948975,0.17920289933681488,-0.6173501014709473,0.02035016193985939,0.5259779095649719,0.14975033700466156,-0.6808222532272339,-0.142990380525589,0.9137740731239319,0.19722934067249298,-0.5741063952445984,0.03720708563923836,0.5187194347381592,0.1440322995185852,-0.6494961977005005,-0.1192706823348999,0.8905230164527893,0.06850405782461166,0.006014236714690924,0.07973824441432953,0.9997939467430115,-0.06889092922210693,-0.0066019040532410145,-0.07927003502845764,0.9998674392700195,0.08186576515436172,0.3619018495082855,0.1419568806886673,0.5603918433189392,-0.044897276908159256,0.3740982413291931,-0.09978729486465454,0.9403577446937561,0.030499961227178574,0.7056649327278137,0.24424247443675995,0.6478972434997559,-0.09277608245611191,0.7650442719459534,-0.07647116482257843,0.9505169987678528,0.03303509205579758,0.7518749237060547,0.24850726127624512,0.7084197998046875,-0.09464559704065323,0.8099057674407959,-0.07903057336807251,0.8525713682174683,0.14021359384059906,0.8034873604774475,0.1837177574634552,0.766730546951294,-0.023619171231985092,0.860817015171051,-0.19480136036872864,0.9443524479866028
0.1260649859905243,-0.6158334612846375,-0.012068470939993858,0.9998703598976135,0.12275983393192291,-0.6557074785232544,-0.0016719682607799768,0.9998592138290405,0.12222594022750854,-0.6557610034942627,-0.0034252803307026625,0.9997743964195251,0.12259092926979065,-0.6560477018356323,-0.0014672614634037018,0.9998037815093994,0.10197428613901138,-0.656478226184845,-0.025793850421905518,0.9998630881309509,0.10424088686704636,-0.6572821736335754,-0.025802770629525185,0.9998312592506409,0.10370282828807831,-0.6561274528503418,-0.021892402321100235,0.9998424053192139,0.0874369889497757,-0.6655153036117554,0.08866436779499054,0.9997457265853882,0.006809664890170097,-0.6621057987213135,-0.005611894186586142,0.9998419284820557,0.10919420421123505,-0.5966572761535645,0.017722204327583313,0.9997877478599548,0.08513091504573822,-0.5941423177719116,-0.008327130228281021,0.999855101108551,0.12294791638851166,-0.5021976232528687,0.17729826271533966,0.9996383190155029,-0.0752820074558258,-0.5287473201751709,-0.06936148554086685,0.9998395442962646,0.25025084614753723,-0.421169251203537,0.15392497181892395,0.4697449505329132,0.04258276894688606,-0.4991512894630432,-0.1449533998966217,0.989366888999939,0.22042445838451385,-0.5554822683334351,0.019053369760513306,0.6379972100257874,0.14703644812107086,-0.641597330570221,-0.11618123948574066,0.9599912166595459,0.210951566696167,-0.587488055229187,-0.013217607513070107,0.5543386936187744,0.1612616926431656,-0.6691865921020508,-0.14201758801937103,0.9243110418319702,0.18609538674354553,-0.6173150539398193,-0.004421904217451811,0.540938138961792,0.15126216411590576,-0.6790873408317566,-0.13721489906311035,0.9150989055633545,0.20370036363601685,-0.5738915205001831,0.014067449606955051,0.5329779982566833,0.14541184902191162,-0.6485632658004761,-0.11263725161552429,0.8918980956077576,0.07016211748123169,0.006192196626216173,0.07877320796251297,0.9997957944869995,-0.0705430805683136,-0.0067720720544457436,-0.07831675559282303,0.9998639225959778,0.08600233495235443,0.3613395392894745,0.1411140114068985,0.5578960180282593,-0.04483000189065933,0.3706531524658203,-0.09955745935440063,0.938514232635498,0.04037827253341675,0.70401531457901,0.24151895940303802,0.6497410535812378,-0.09177180379629135,0.7584382891654968,-0.07486416399478912,0.9490661025047302,0.04356682300567627,0.7501881122589111,0.2455361783504486,0.7074819207191467,-0.09341661632061005,0.8029792904853821,-0.07727429270744324,0.8461485505104065,0.15092194080352783,0.8015949726104736,0.1774321049451828,0.7668312191963196,-0.022780146449804306,0.8540819883346558,-0.1931106150150299,0.9433803558349609
0.12699615955352783,-0.6163727045059204,-0.004190259613096714,0.9998481869697571,0.12346664071083069,-0.6563364267349243,0.004092629533261061,0.9998376369476318,0.12292888015508652,-0.656385600566864,0.0023520381655544043,0.9997425675392151,0.12329546362161636,-0.656679630279541,0.0042971340008080006,0.9997759461402893,0.1029171422123909,-0.6573091745376587,-0.02283581718802452,0.9998396039009094,0.10521809756755829,-0.6581412553787231,-0.022877300158143044,0.9998013973236084,0.10466234385967255,-0.6569725275039673,-0.018982909619808197,0.9998148083686829,0.07918023318052292,-0.6655164957046509,0.08702756464481354,0.9996963143348694,0.009499027393758297,-0.6624799370765686,-0.009264533407986164,0.9998112916946411,0.10908058285713196,-0.5967883467674255,0.022259356454014778,0.999762773513794,0.08623816072940826,-0.5944467186927795,-0.007084820419549942,0.9998332262039185,0.11651584506034851,-0.5019899606704712,0.17639052867889404,0.9996222257614136,-0.07446324080228806,-0.5281339287757874,-0.07272755354642868,0.9998252987861633,0.25001463294029236,-0.4212339520454407,0.15529531240463257,0.4631197452545166,0.049681078642606735,-0.4958774745464325,-0.1514807790517807,0.9881704449653625,0.22253090143203735,-0.5611582398414612,0.02779974974691868,0.6381077766418457,0.14710074663162231,-0.6392713189125061,-0.10282343626022339,0.9574339985847473,0.21211488544940948,-0.5959398150444031,-0.003527226159349084,0.5569888949394226,0.16108383238315582,-0.6664490103721619,-0.12420634180307388,0.9217607378959656,0.18683965504169464,-0.6294006705284119,0.003925677854567766,0.5433383584022522,0.14965635538101196,-0.6779568195343018,-0.11949259787797928,0.9123929142951965,0.2053527981042862,-0.5816527605056763,0.022425347939133644,0.5344381928443909,0.14536482095718384,-0.6472445726394653,-0.09825488179922104,0.888163685798645,0.06952663511037827,0.006064948625862598,0.0799354687333107,0.9997872114181519,-0.0699240043759346,-0.006640178617089987,-0.07949970662593842,0.9998524188995361,0.09048762172460556,0.36095091700553894,0.14937156438827515,0.5561890006065369,-0.04026039317250252,0.3705810010433197,-0.099283367395401,0.9389503598213196,0.04260649532079697,0.7012358903884888,0.2458285093307495,0.6530071496963501,-0.08831174671649933,0.7556557059288025,-0.07139132171869278,0.9487795829772949,0.045881565660238266,0.7473148107528687,0.2496977299451828,0.7125263810157776,-0.08953141421079636,0.800229549407959,-0.07345946878194809,0.8455997705459595,0.1633845716714859,0.7996111512184143,0.18346595764160156,0.769206166267395,-0.011164426803588867,0.8561979532241821,-0.18851692974567413,0.9430238604545593
0.13064290583133698,-0.6210354566574097,-0.005690410733222961,0.9998319149017334,0.12385636568069458,-0.6615583896636963,0.001640056842006743,0.9998219013214111,0.12332218885421753,-0.6616021394729614,-9.370810585096478e-05,0.9997177124023438,0.12368978559970856,-0.6619216203689575,0.0018686848925426602,0.9997573494911194,0.10632246732711792,-0.6624149680137634,-0.028613964095711708,0.9998255968093872,0.10860060900449753,-0.6632810235023499,-0.028685759752988815,0.9997853636741638,0.10806421935558319,-0.6621134281158447,-0.024812577292323112,0.9998019933700562,0.07075820118188858,-0.6677607893943787,0.07727392017841339,0.9996721744537354,0.011966997757554054,-0.6639906167984009,-0.04519610479474068,0.9997962117195129,0.10923105478286743,-0.5996063947677612,0.01809549331665039,0.9997457265853882,0.08980868011713028,-0.5971752405166626,-0.01588851772248745,0.9998182058334351,0.10092788934707642,-0.5019022226333618,0.17247894406318665,0.999559760093689,-0.06951737403869629,-0.5271288752555847,-0.11747889220714569,0.9998064637184143,0.23897536098957062,-0.4237709939479828,0.16666799783706665,0.45065826177597046,0.05991479754447937,-0.4958217442035675,-0.17866742610931396,0.9874746203422546,0.22033509612083435,-0.5800731182098389,0.0757032036781311,0.6263883709907532,0.14677219092845917,-0.6459788680076599,-0.1069636195898056,0.9549228549003601,0.20923273265361786,-0.6200383305549622,0.05866675823926926,0.5475319623947144,0.15742336213588715,-0.6750761270523071,-0.1260957568883896,0.9189031720161438,0.1859961897134781,-0.6545202136039734,0.06011763587594032,0.5339339971542358,0.14272870123386383,-0.6859945058822632,-0.1211405023932457,0.9093557000160217,0.20380978286266327,-0.6019347310066223,0.06932791322469711,0.5247460007667542,0.14389590919017792,-0.6543527841567993,-0.10226695239543915,0.8845847845077515,0.06557700037956238,0.005724282935261726,0.0833544060587883,0.9997589588165283,-0.06605154275894165,-0.00629483861848712,-0.08292386680841446,0.9998310208320618,0.09544103592634201,0.3559246361255646,0.1507871299982071,0.5558475255966187,-0.011338245123624802,0.37145882844924927,-0.09882467985153198,0.9402149319648743,0.03919491544365883,0.6983229517936707,0.24573737382888794,0.654662013053894,-0.06285860389471054,0.7560737133026123,-0.062109969556331635,0.9490975737571716,0.04149298742413521,0.744619607925415,0.24953311681747437,0.716598629951477,-0.06457819789648056,0.8006352186203003,-0.06276404857635498,0.8475239872932434,0.15861837565898895,0.7987741231918335,0.18496553599834442,0.7707023620605469,0.02362373098731041,0.8595406413078308,-0.16375112533569336,0.9429226517677307
0.13500161468982697,-0.6217740178108215,-0.013718696311116219,0.9997241497039795,0.12562650442123413,-0.6622552871704102,-0.007702330593019724,0.9997155666351318,0.125082328915596,-0.662297248840332,-0.009450433775782585,0.9995542168617249,0.12544164061546326,-0.6626344323158264,-0.007513848599046469,0.9996472597122192,0.11131904274225235,-0.6631425619125366,-0.04061449319124222,0.9997207522392273,0.1135781854391098,-0.6640173196792603,-0.04073328152298927,0.9996618628501892,0.1130511537194252,-0.6628671884536743,-0.036842748522758484,0.9997007846832275,0.06571102887392044,-0.6682676076889038,0.06620105355978012,0.9995318651199341,0.012913069687783718,-0.6645383834838867,-0.06733311712741852,0.9996762871742249,0.10935930907726288,-0.600159764289856,0.009723597206175327,0.999588668346405,0.09193909913301468,-0.5978161692619324,-0.02771422266960144,0.9996814131736755,0.0804005041718483,-0.501927375793457,0.16440249979496002,0.9993076324462891,-0.061718493700027466,-0.5295107960700989,-0.1359182745218277,0.999679684638977,0.22393201291561127,-0.44059351086616516,0.17141659557819366,0.4366838037967682,0.08074496686458588,-0.5357322096824646,-0.19421570003032684,0.9855377674102783,0.21812018752098083,-0.582732081413269,0.09476456791162491,0.6032756567001343,0.17762383818626404,-0.6751943230628967,-0.11523807793855667,0.9447367191314697,0.2082882821559906,-0.6189314126968384,0.08025004714727402,0.5270110964775085,0.18973767757415771,-0.6979114413261414,-0.13541556894779205,0.9047677516937256,0.1857668161392212,-0.6500308513641357,0.07851295918226242,0.5140535831451416,0.17653456330299377,-0.7021384835243225,-0.12860679626464844,0.8944509029388428,0.20278477668762207,-0.6019153594970703,0.08729502558708191,0.5059894919395447,0.1751243621110916,-0.6789507269859314,-0.11033780872821808,0.8684124946594238,0.05952013283967972,0.00557226175442338,0.08391235023736954,0.9996656179428101,-0.06003958731889725,-0.006146770901978016,-0.08347524702548981,0.9997479319572449,0.09833448380231857,0.3512352406978607,0.13082058727741241,0.5463369488716125,0.021521300077438354,0.3719290494918823,-0.09516648948192596,0.9363548159599304,0.038211941719055176,0.6935923099517822,0.20512108504772186,0.6438742876052856,-0.027625255286693573,0.7548646926879883,-0.050360407680273056,0.9439082145690918,0.03944868594408035,0.7390371561050415,0.20702973008155823,0.7069593667984009,-0.029840480536222458,0.7988210916519165,-0.04947267472743988,0.8387763500213623,0.15453672409057617,0.7914339303970337,0.15046702325344086,0.7624229788780212,0.05679776519536972,0.8609276413917542,-0.13540497422218323,0.9370651245117188
0.13100120425224304,-0.6230599880218506,-0.03257690370082855,0.9997059106826782,0.1204066276550293,-0.6640354990959167,-0.024927867576479912,0.9996932744979858,0.119858019053936,-0.6640822887420654,-0.026663584634661674,0.9995179772377014,0.12022050470113754,-0.6644218564033508,-0.024752361699938774,0.9996244311332703,0.10661781579256058,-0.6650633215904236,-0.05780899524688721,0.9996967911720276,0.10888449847698212,-0.6659536957740784,-0.05797002464532852,0.9996309876441956,0.10838157683610916,-0.6648155450820923,-0.054110366851091385,0.9996750950813293,0.05735935643315315,-0.6701057553291321,0.05476978048682213,0.9994986653327942,0.005863049998879433,-0.6670411229133606,-0.07825756072998047,0.9996435046195984,0.10294687002897263,-0.6011406779289246,-0.006766417063772678,0.9995478987693787,0.08728589117527008,-0.5990532636642456,-0.04412822425365448,0.9996427297592163,0.07603984326124191,-0.5022478103637695,0.15551017224788666,0.9991527199745178,-0.06356494128704071,-0.531083345413208,-0.14472809433937073,0.9996018409729004,0.21859706938266754,-0.4456333816051483,0.16783881187438965,0.42802828550338745,0.07648749649524689,-0.5462920665740967,-0.21216638386249542,0.985181987285614,0.21790474653244019,-0.5885367393493652,0.09102413803339005,0.5918288230895996,0.18523120880126953,-0.6838257312774658,-0.13467219471931458,0.941839873790741,0.2081260234117508,-0.6242697834968567,0.07347757369279861,0.5174278020858765,0.20158636569976807,-0.7048834562301636,-0.15645575523376465,0.8997544050216675,0.18568085134029388,-0.6525970697402954,0.07385831326246262,0.5047715902328491,0.19202029705047607,-0.7095425128936768,-0.14400620758533478,0.8889299631118774,0.20249874889850616,-0.6064493656158447,0.08406059443950653,0.49698150157928467,0.18515120446681976,-0.6874602437019348,-0.12798626720905304,0.8618491291999817,0.058858226984739304,0.004525243770331144,0.08434829115867615,0.9996193647384644,-0.05939283221960068,-0.005098919849842787,-0.08391650021076202,0.9996978044509888,0.12762212753295898,0.3416140079498291,0.12357651442289352,0.5524369478225708,0.039444152265787125,0.3725922703742981,-0.09487992525100708,0.9368698596954346,0.03825295343995094,0.6851850152015686,0.1968015432357788,0.6490334272384644,-0.029771912842988968,0.7499646544456482,-0.03567897528409958,0.941850483417511,0.03783266618847847,0.7302752137184143,0.19901877641677856,0.7088081240653992,-0.03410875052213669,0.793363630771637,-0.03290883079171181,0.8350130915641785,0.15245302021503448,0.7866384387016296,0.14699219167232513,0.7644138336181641,0.04485117271542549,0.8620115518569946,-0.1101052537560463,0.9339559674263
0.13597320020198822,-0.6222426891326904,-0.034190624952316284,0.999688446521759,0.12505020201206207,-0.6635531187057495,-0.02633136510848999,0.9996704459190369,0.12451151758432388,-0.6635932326316833,-0.02808237634599209,0.9994807839393616,0.1248726174235344,-0.6639413833618164,-0.02616181969642639,0.9996011257171631,0.11190890520811081,-0.6647318005561829,-0.05938628315925598,0.9996742606163025,0.11417538672685623,-0.6656328439712524,-0.059554558247327805,0.9996022582054138,0.11368725448846817,-0.6645034551620483,-0.05569661036133766,0.9996518492698669,0.0592133104801178,-0.6700364351272583,0.05474859103560448,0.9994632601737976,0.007497036829590797,-0.6671344041824341,-0.07930757850408554,0.9996153712272644,0.10429666936397552,-0.6003312468528748,-0.007822144776582718,0.9995043873786926,0.08997976779937744,-0.5985316634178162,-0.04551836475729942,0.9996070265769958,0.07796355336904526,-0.5005773305892944,0.15513354539871216,0.9990503787994385,-0.06331796199083328,-0.5313592553138733,-0.14566683769226074,0.9995606541633606,0.21776403486728668,-0.4452279508113861,0.1676752269268036,0.42028239369392395,0.0756840929389,-0.5392031073570251,-0.2238684445619583,0.9846087694168091,0.22259914875030518,-0.5874180793762207,0.08796513825654984,0.5822006464004517,0.18382152915000916,-0.6796930432319641,-0.16439616680145264,0.9393770694732666,0.21529819071292877,-0.6222076416015625,0.06938448548316956,0.5096428990364075,0.20078423619270325,-0.7021061182022095,-0.18922875821590424,0.8955883979797363,0.199278324842453,-0.6519081592559814,0.07090701162815094,0.49752968549728394,0.19390173256397247,-0.7065204381942749,-0.1742759793996811,0.8844040036201477,0.21019241213798523,-0.6059188842773438,0.08163490891456604,0.49005886912345886,0.18493643403053284,-0.684579610824585,-0.15719099342823029,0.8561326861381531,0.05830950662493706,0.003782818326726556,0.08536240458488464,0.9995586276054382,-0.05886064097285271,-0.00436816131696105,-0.08491219580173492,0.9996359944343567,0.15360061824321747,0.32756665349006653,0.11727628111839294,0.5587210059165955,0.049680568277835846,0.37116745114326477,-0.09486109763383865,0.9369820356369019,0.05393156036734581,0.6668789982795715,0.19276556372642517,0.6532282829284668,-0.037112727761268616,0.7403672337532043,-0.03164954110980034,0.9403958916664124,0.049743980169296265,0.7112783193588257,0.19533155858516693,0.7073608636856079,-0.042213696986436844,0.7832135558128357,-0.028272472321987152,0.8303582072257996,0.15910828113555908,0.7736087441444397,0.14356498420238495,0.766165018081665,0.04063732549548149,0.8603630661964417,-0.1061435341835022,0.932135283946991
0.1465485841035843,-0.6193286180496216,-0.018642902374267578,0.9996945261955261,0.13369490206241608,-0.6614120602607727,-0.011336642317473888,0.9996753931045532,0.13315027952194214,-0.6614546775817871,-0.013063626363873482,0.9994890689849854,0.13349339365959167,-0.6618292927742004,-0.011104736477136612,0.9996127486228943,0.12416183948516846,-0.6617785096168518,-0.04741799458861351,0.9996823668479919,0.12642325460910797,-0.662686824798584,-0.04760820418596268,0.9996129274368286,0.1259443163871765,-0.6615692377090454,-0.04372278228402138,0.9996626973152161,0.05963677540421486,-0.6695784330368042,0.06282152980566025,0.999484121799469,0.018235042691230774,-0.6641292572021484,-0.07660656422376633,0.9996270537376404,0.1082632839679718,-0.5980132818222046,0.005149836651980877,0.9995004534721375,0.09922761470079422,-0.5953285098075867,-0.03682468459010124,0.9996023178100586,0.06506697833538055,-0.4998440444469452,0.1625427007675171,0.9990053176879883,-0.04396370053291321,-0.5278981328010559,-0.14858992397785187,0.9995511770248413,0.1998165249824524,-0.45092517137527466,0.20789077877998352,0.4029819667339325,0.10074406117200851,-0.5344843864440918,-0.22711507976055145,0.9837617874145508,0.22381265461444855,-0.5994240641593933,0.1675410121679306,0.5557298064231873,0.22754865884780884,-0.6779186129570007,-0.16255655884742737,0.9344514012336731,0.21964037418365479,-0.6380940675735474,0.16347549855709076,0.4868466556072235,0.24692943692207336,-0.7027663588523865,-0.1874505877494812,0.8882254958152771,0.2097473442554474,-0.6628433465957642,0.1574537605047226,0.4753330647945404,0.23751381039619446,-0.7093067169189453,-0.17073151469230652,0.87642502784729,0.21439887583255768,-0.6170476675033569,0.15927064418792725,0.4689925014972687,0.22797824442386627,-0.6838697195053101,-0.15610356628894806,0.8464367389678955,0.0507473386824131,0.0030317790806293488,0.08857082575559616,0.9994847178459167,-0.051392678171396255,-0.003620866686105728,-0.08806516975164413,0.999567985534668,0.17120234668254852,0.3175560534000397,0.11608297377824783,0.5614789128303528,0.09088987112045288,0.3622315227985382,-0.10557309538125992,0.9378077387809753,0.05241316556930542,0.6524518728256226,0.17961373925209045,0.6584398746490479,-0.025429442524909973,0.7111631631851196,-0.03286690637469292,0.9398362040519714,0.04723157361149788,0.6958417892456055,0.18079665303230286,0.7084587216377258,-0.035923171788454056,0.7517335414886475,-0.03047224134206772,0.8313209414482117,0.15181900560855865,0.7637718915939331,0.13556216657161713,0.7685598731040955,0.03399126976728439,0.8472359776496887,-0.09985840320587158,0.9316083192825317
0.15496176481246948,-0.6182461380958557,-0.017327308654785156,0.9996925592422485,0.14170116186141968,-0.660668671131134,-0.009448705241084099,0.9996712803840637,0.1411626785993576,-0.66070955991745,-0.011181079782545567,0.9994828701019287,0.14151231944561005,-0.6610874533653259,-0.009209327399730682,0.9996113181114197,0.1317858099937439,-0.6609246730804443,-0.04572262242436409,0.9996815919876099,0.13405421376228333,-0.6618348956108093,-0.045917246490716934,0.9996123313903809,0.13357464969158173,-0.6607259511947632,-0.04203105345368385,0.9996632933616638,0.06034352257847786,-0.6692425608634949,0.06629162281751633,0.9994894862174988,0.022458644583821297,-0.6634421348571777,-0.07479634135961533,0.9996309280395508,0.1148882657289505,-0.5969142317771912,0.00703470129519701,0.9994869232177734,0.10617557913064957,-0.5941396951675415,-0.03557880222797394,0.9995941519737244,0.06870485842227936,-0.49903881549835205,0.1655380129814148,0.9989644289016724,-0.04406839981675148,-0.5266069173812866,-0.1483837068080902,0.9995505213737488,0.20338590443134308,-0.45016956329345703,0.2048588991165161,0.38992899656295776,0.09335580468177795,-0.5325297117233276,-0.2340450882911682,0.9835436344146729,0.23617208003997803,-0.5974615216255188,0.1508989930152893,0.5367704033851624,0.22011537849903107,-0.6762523651123047,-0.17327624559402466,0.9325176477432251,0.23411250114440918,-0.6355151534080505,0.14302074909210205,0.47006675601005554,0.24008482694625854,-0.7000107169151306,-0.19661085307598114,0.8846115469932556,0.2267969846725464,-0.6607094407081604,0.13847671449184418,0.4589378833770752,0.2331250011920929,-0.7085853815078735,-0.17814652621746063,0.8724266886711121,0.2287255972623825,-0.6150926947593689,0.14268434047698975,0.4535674750804901,0.2214374840259552,-0.6828587651252747,-0.16502434015274048,0.8412560820579529,0.050583213567733765,0.002336094155907631,0.08980858325958252,0.999431848526001,-0.051237594336271286,-0.0029272916726768017,-0.08929076790809631,0.9995216727256775,0.18466171622276306,0.3050611913204193,0.11115746945142746,0.568071722984314,0.09885060042142868,0.3588356077671051,-0.1085745245218277,0.9385648965835571,0.060157131403684616,0.6369173526763916,0.17700402438640594,0.6642805933952332,-0.02937338873744011,0.7070869207382202,-0.03389238938689232,0.939573347568512,0.05230110511183739,0.6803241968154907,0.1787562072277069,0.7098314762115479,-0.04021480306982994,0.7481790781021118,-0.03090984933078289,0.8309799432754517,0.15255016088485718,0.752877414226532,0.13426603376865387,0.7715690732002258,0.030437583103775978,0.8454847931861877,-0.09853294491767883,0.9313321709632874
0.15503394603729248,-0.6173099875450134,-0.01884510926902294,0.9996753334999084,0.14314749836921692,-0.6598456501960754,-0.0103879664093256,0.9996503591537476,0.1426062434911728,-0.6598931550979614,-0.012138583697378635,0.9994512796401978,0.14296123385429382,-0.660264790058136,-0.01016230508685112,0.9995895624160767,0.1318703442811966,-0.6600509285926819,-0.04635610431432724,0.9996629357337952,0.13413982093334198,-0.6609594821929932,-0.04655857011675835,0.9995893836021423,0.13365967571735382,-0.659859299659729,-0.042672887444496155,0.99964439868927,0.06313775479793549,-0.6689186692237854,0.06645698845386505,0.9994698166847229,0.022277703508734703,-0.6629831194877625,-0.07355593144893646,0.9996150732040405,0.11599133163690567,-0.5961663722991943,0.006241166032850742,0.999450147151947,0.10606943815946579,-0.5933623313903809,-0.035800106823444366,0.9995682239532471,0.0738501101732254,-0.4990757703781128,0.1654820740222931,0.9989264607429504,-0.04483286663889885,-0.5266157984733582,-0.1468191295862198,0.9995437264442444,0.21395790576934814,-0.456066370010376,0.19850777089595795,0.38665053248405457,0.08711561560630798,-0.5302689075469971,-0.23775818943977356,0.9835392236709595,0.24671784043312073,-0.5969260334968567,0.12625910341739655,0.5298537015914917,0.2247067540884018,-0.6662395000457764,-0.19192378222942352,0.9323423504829407,0.24198134243488312,-0.6337127089500427,0.11605557799339294,0.46369412541389465,0.2499261200428009,-0.6855809688568115,-0.21755068004131317,0.8839177489280701,0.23204970359802246,-0.6594382524490356,0.10786430537700653,0.45273277163505554,0.24803096055984497,-0.6986202001571655,-0.1980597823858261,0.8716077208518982,0.23800864815711975,-0.6144447326660156,0.11642104387283325,0.44779813289642334,0.2292947620153427,-0.6736360788345337,-0.18282550573349,0.8395527601242065,0.05122712627053261,0.0020683123730123043,0.08985338360071182,0.999405026435852,-0.0519181564450264,-0.0026621066499501467,-0.08934038132429123,0.9994959235191345,0.19875800609588623,0.29289132356643677,0.10155327618122101,0.5740979909896851,0.1051441952586174,0.349948912858963,-0.11468902975320816,0.9389145374298096,0.07272828370332718,0.6257093548774719,0.17310959100723267,0.6674903631210327,-0.02922399714589119,0.7038947343826294,-0.03783281147480011,0.9384526610374451,0.06347529590129852,0.6695681214332581,0.17558516561985016,0.7075265645980835,-0.04143451526761055,0.745980441570282,-0.0332997664809227,0.8279477953910828,0.15934576094150543,0.7448775172233582,0.13183289766311646,0.7720651626586914,0.02890266478061676,0.8439178466796875,-0.10389871895313263,0.9301648736000061
0.15686532855033875,-0.6171296834945679,-0.033723630011081696,0.999671459197998,0.14723803102970123,-0.6594825983047485,-0.02423519268631935,0.9996431469917297,0.14669370651245117,-0.6595317721366882,-0.026000604033470154,0.9994428753852844,0.14708054065704346,-0.6598954796791077,-0.024038759991526604,0.9995821118354797,0.13423693180084229,-0.6599177122116089,-0.058001067489385605,0.9996553063392639,0.13651704788208008,-0.6608244776725769,-0.058230236172676086,0.9995783567428589,0.13604193925857544,-0.6597318649291992,-0.05438975617289543,0.9996340274810791,0.0717962458729744,-0.6679887175559998,0.059475965797901154,0.9994620084762573,0.024102913215756416,-0.6630126237869263,-0.07703236490488052,0.9996116161346436,0.11908568441867828,-0.5958623886108398,-0.006560362875461578,0.9994386434555054,0.1072751134634018,-0.5933101177215576,-0.04600532725453377,0.9995631575584412,0.07931705564260483,-0.4979201853275299,0.15520721673965454,0.9988954663276672,-0.0465499684214592,-0.5294557213783264,-0.15123479068279266,0.9995430111885071,0.21084342896938324,-0.45505914092063904,0.1488141417503357,0.38325610756874084,0.08491850644350052,-0.5368078351020813,-0.25047528743743896,0.9840652942657471,0.2437094748020172,-0.5909652709960938,0.0465165339410305,0.5222849249839783,0.24094010889530182,-0.657494843006134,-0.20434044301509857,0.933728814125061,0.23772504925727844,-0.6245487332344055,0.030115211382508278,0.4570978283882141,0.2710108458995819,-0.6715651154518127,-0.23099957406520844,0.8850528597831726,0.22850921750068665,-0.6482914686203003,0.0244537815451622,0.4463341236114502,0.27281320095062256,-0.6822537779808044,-0.21019688248634338,0.8726703524589539,0.23746247589588165,-0.6066387891769409,0.03722059726715088,0.4416629672050476,0.24824488162994385,-0.6620234251022339,-0.19452136754989624,0.8399765491485596,0.05155188590288162,0.0019860812462866306,0.08928215503692627,0.9994019269943237,-0.05226534605026245,-0.0025805060286074877,-0.08877269178628922,0.9994756579399109,0.20445236563682556,0.29194435477256775,0.09141620248556137,0.5926436185836792,0.11719934642314911,0.3484444320201874,-0.11269546300172806,0.9403758645057678,0.11165034770965576,0.6316828727722168,0.15660564601421356,0.6834344267845154,-0.01721314527094364,0.6998420357704163,-0.017468834295868874,0.9380069971084595,0.10569062829017639,0.6760632991790771,0.15834970772266388,0.7122279405593872,-0.03136686980724335,0.7416656017303467,-0.011130782775580883,0.8249627947807312,0.19671496748924255,0.7449602484703064,0.10718780010938644,0.7805602550506592,0.02667534351348877,0.8364866375923157,-0.07972678542137146,0.9293712973594666
0.15675438940525055,-0.6171208024024963,-0.050118908286094666,0.9996341466903687,0.14919812977313995,-0.6592676043510437,-0.04017176851630211,0.9995946884155273,0.14865826070308685,-0.6593149304389954,-0.04196147620677948,0.999381422996521,0.14907285571098328,-0.6596692800521851,-0.04001501575112343,0.9995258450508118,0.13472534716129303,-0.6598371267318726,-0.07074656337499619,0.9996019601821899,0.1370043158531189,-0.6607410907745361,-0.07096894085407257,0.9995128512382507,0.1365329623222351,-0.6596527099609375,-0.06717687845230103,0.999570906162262,0.08253752440214157,-0.6665541529655457,0.047421663999557495,0.9993802905082703,0.025685643777251244,-0.6627711653709412,-0.07918969541788101,0.9995639324188232,0.12062955647706985,-0.5957885384559631,-0.022436462342739105,0.9993654489517212,0.10723449289798737,-0.5933135747909546,-0.05765421688556671,0.9995098114013672,0.09904778748750687,-0.4963389039039612,0.1381283849477768,0.9988545179367065,-0.04727803170681,-0.5300499200820923,-0.15556210279464722,0.9995143413543701,0.23149362206459045,-0.4517478942871094,0.08479621261358261,0.3910626471042633,0.08289189636707306,-0.5332551002502441,-0.2529173791408539,0.9843631982803345,0.2518423795700073,-0.5603931546211243,-0.061158809810876846,0.5268099308013916,0.2326299250125885,-0.6201353073120117,-0.2075411081314087,0.9357183575630188,0.24449145793914795,-0.5884383916854858,-0.08614933490753174,0.46046361327171326,0.25970256328582764,-0.6310402750968933,-0.23414355516433716,0.8877944350242615,0.2322736233472824,-0.6145667433738708,-0.08891139179468155,0.44974493980407715,0.25968196988105774,-0.6422911882400513,-0.2166987955570221,0.8756112456321716,0.2419983595609665,-0.5752010345458984,-0.07037859410047531,0.44486331939697266,0.23846231400966644,-0.6231136918067932,-0.1987067461013794,0.8424338698387146,0.05523356795310974,0.002045080531388521,0.08728501200675964,0.9994145035743713,-0.055939145386219025,-0.002640125574544072,-0.08680076152086258,0.9994584321975708,0.2104959338903427,0.2943207621574402,0.08202257752418518,0.6121008396148682,0.12085180729627609,0.34498366713523865,-0.10980477184057236,0.9412318468093872,0.11998777836561203,0.635179877281189,0.14950239658355713,0.6989778876304626,-0.012722534127533436,0.6940284371376038,-0.007593426387757063,0.9364413022994995,0.114314965903759,0.679667592048645,0.151473730802536,0.716485857963562,-0.02731943503022194,0.7357355952262878,-0.0011724447831511497,0.8180827498435974,0.2020678073167801,0.7464293241500854,0.09601453691720963,0.7883236408233643,0.025378813967108727,0.8296304941177368,-0.07374757528305054,0.927558422088623
0.16742609441280365,-0.6166735887527466,-0.049444686621427536,0.9995943903923035,0.16394414007663727,-0.6583594679832458,-0.03974156826734543,0.9995484948158264,0.16340135037899017,-0.6584153771400452,-0.04148592799901962,0.9993221163749695,0.16379815340042114,-0.6587575674057007,-0.039541251957416534,0.9994798302650452,0.14820197224617004,-0.6592316627502441,-0.06871310621500015,0.9995558261871338,0.15046772360801697,-0.6601309180259705,-0.0689476802945137,0.9994589686393738,0.14998042583465576,-0.6590516567230225,-0.06514621526002884,0.9995197653770447,0.10273817926645279,-0.6653211116790771,0.0481039397418499,0.9993367195129395,0.042969558387994766,-0.6626863479614258,-0.07266533374786377,0.9995209574699402,0.13314886391162872,-0.5954004526138306,-0.02192731387913227,0.9992883205413818,0.11794135719537735,-0.593183696269989,-0.055231597274541855,0.9994558095932007,0.11579950153827667,-0.4956842064857483,0.14042429625988007,0.9988566637039185,-0.040799662470817566,-0.5317491888999939,-0.15072201192378998,0.9995052218437195,0.2470516562461853,-0.44726812839508057,0.10605514049530029,0.39371246099472046,0.09277042001485825,-0.5285605192184448,-0.2507384717464447,0.9840369820594788,0.2649626135826111,-0.5453858971595764,-0.015164021402597427,0.5262272953987122,0.2557373642921448,-0.6038905382156372,-0.2018110156059265,0.9355340003967285,0.25726789236068726,-0.5720902681350708,-0.0364123098552227,0.4602953791618347,0.28307896852493286,-0.6152820587158203,-0.2279602587223053,0.8879127502441406,0.24483239650726318,-0.5988695621490479,-0.03928099572658539,0.4495760202407837,0.28363457322120667,-0.6271263360977173,-0.2112211138010025,0.8758488893508911,0.25466272234916687,-0.5606343746185303,-0.02371395379304886,0.4449027478694916,0.26212191581726074,-0.6076216697692871,-0.19334354996681213,0.8420723080635071,0.05572976917028427,0.002276758896186948,0.08669155836105347,0.9994310140609741,-0.05642840266227722,-0.002865131013095379,-0.08621738106012344,0.9994490146636963,0.21083486080169678,0.29547664523124695,0.08513746410608292,0.6202847361564636,0.1495792120695114,0.33331993222236633,-0.10884567350149155,0.9394276738166809,0.11633461713790894,0.6324775815010071,0.1523483842611313,0.7064204812049866,-0.0015056710690259933,0.664642870426178,-0.010671766474843025,0.9324871301651001,0.1033894345164299,0.6763607859611511,0.1544860303401947,0.7159040570259094,-0.018383866176009178,0.7040960192680359,-0.00426983879879117,0.8107276558876038,0.1634293794631958,0.7492286562919617,0.10226474702358246,0.7912854552268982,0.02624712698161602,0.8075082898139954,-0.07089177519083023,0.9245824217796326
0.1715501993894577,-0.6154656410217285,-0.055650968104600906,0.9995622038841248,0.17001605033874512,-0.6566126942634583,-0.04639685899019241,0.9995129704475403,0.1694842278957367,-0.6566720008850098,-0.04819890484213829,0.9992774128913879,0.16990524530410767,-0.6569934487342834,-0.046260081231594086,0.9994407892227173,0.15308250486850739,-0.657930314540863,-0.07438609004020691,0.9995111227035522,0.15536561608314514,-0.658803403377533,-0.07459640502929688,0.9994016289710999,0.15488053858280182,-0.6577369570732117,-0.07080020755529404,0.9994668960571289,0.114212766289711,-0.663139283657074,0.04111335799098015,0.999290406703949,0.049523040652275085,-0.6621036529541016,-0.07430434226989746,0.9994782209396362,0.13938643038272858,-0.5942158699035645,-0.028210129588842392,0.9992256760597229,0.12228260934352875,-0.5924351811408997,-0.05996858328580856,0.9994136691093445,0.13028456270694733,-0.4932241141796112,0.13169316947460175,0.998842716217041,-0.03849504142999649,-0.5324965715408325,-0.15208470821380615,0.9994925856590271,0.26150402426719666,-0.4381030797958374,0.07781314104795456,0.4019743800163269,0.09479566663503647,-0.5254277586936951,-0.2479863464832306,0.9841697216033936,0.2715509831905365,-0.5353996753692627,-0.06247592344880104,0.5305656790733337,0.2620944082736969,-0.595024585723877,-0.19974470138549805,0.9369960427284241,0.2620391547679901,-0.5638177394866943,-0.08749517053365707,0.4635729491710663,0.2901495695114136,-0.6062283515930176,-0.22592255473136902,0.8899997472763062,0.2493673413991928,-0.5922542214393616,-0.08868927508592606,0.4527125358581543,0.2913532555103302,-0.6188355088233948,-0.2094058245420456,0.8781070113182068,0.26030123233795166,-0.5514934062957764,-0.07045119255781174,0.4477522373199463,0.2686574459075928,-0.5986600518226624,-0.19132524728775024,0.8439092636108398,0.05689438432455063,0.002565305680036545,0.08596649765968323,0.999439001083374,-0.05758630111813545,-0.003151317359879613,-0.08550850301980972,0.999435544013977,0.22801977396011353,0.2825300991535187,0.08604194223880768,0.6321815252304077,0.16811320185661316,0.31618842482566833,-0.1087375357747078,0.9399577975273132,0.11195056885480881,0.6136713624000549,0.1575348675251007,0.7138588428497314,0.018523426726460457,0.6554967164993286,-0.012044822797179222,0.9301464557647705,0.1008915901184082,0.6571773886680603,0.15963883697986603,0.7151844501495361,0.0014619544381275773,0.6961467266082764,-0.005399773828685284,0.8040110468864441,0.1702071577310562,0.7316840887069702,0.10412386059761047,0.7935894727706909,0.040783803910017014,0.7947799563407898,-0.06960805505514145,0.9221951365470886
0.170828714966774,-0.6104264259338379,-0.05344012379646301,0.9994571805000305,0.16753651201725006,-0.6509310007095337,-0.04449089616537094,0.9994054436683655,0.1669989973306656,-0.6510082483291626,-0.04625849798321724,0.9991228580474854,0.16741304099559784,-0.6512951850891113,-0.04432477056980133,0.9993187785148621,0.15206582844257355,-0.6531046032905579,-0.07310725003480911,0.999400794506073,0.154348224401474,-0.6539517641067505,-0.07331202924251556,0.9992621541023254,0.15386289358139038,-0.6529088616371155,-0.06952831894159317,0.999343752861023,0.11544224619865417,-0.6590136885643005,0.04262884706258774,0.9991311430931091,0.04703953489661217,-0.6609989404678345,-0.06108662113547325,0.9993560910224915,0.13785800337791443,-0.5901316404342651,-0.026490315794944763,0.9990235567092896,0.12195304781198502,-0.5894021391868591,-0.057588160037994385,0.9992825984954834,0.135819673538208,-0.4911302328109741,0.1340680867433548,0.9987666606903076,-0.04021567478775978,-0.5325941443443298,-0.13631951808929443,0.9994582533836365,0.25889188051223755,-0.42707425355911255,0.08911984413862228,0.4005451500415802,0.08990173041820526,-0.5134686827659607,-0.24331119656562805,0.9840481877326965,0.2759305536746979,-0.5223523378372192,-0.0387362539768219,0.5281639695167542,0.2580530643463135,-0.5733508467674255,-0.20129883289337158,0.9367231726646423,0.269001305103302,-0.549789309501648,-0.06283198297023773,0.46211349964141846,0.28755202889442444,-0.5820897817611694,-0.22788941860198975,0.8890513777732849,0.25872692465782166,-0.5782663822174072,-0.06359271705150604,0.4511958062648773,0.2896762192249298,-0.5964823961257935,-0.21127019822597504,0.8771023154258728,0.2663184702396393,-0.5383719801902771,-0.04639076814055443,0.44656628370285034,0.26540395617485046,-0.5770886540412903,-0.19316744804382324,0.8421965837478638,0.05939570069313049,0.002790754195302725,0.08448082208633423,0.9994128346443176,-0.06008327379822731,-0.003378782421350479,-0.08405188471078873,0.9993835091590881,0.22324272990226746,0.275560200214386,0.07478730380535126,0.6367619633674622,0.163583904504776,0.3002113103866577,-0.11355258524417877,0.9375197291374207,0.0877186506986618,0.6030913591384888,0.15450304746627808,0.7128074169158936,0.0146852508187294,0.6389084458351135,-0.019686944782733917,0.9238986968994141,0.07067995518445969,0.646456241607666,0.15794292092323303,0.7086745500564575,-0.0020843478851020336,0.6795365810394287,-0.011813591234385967,0.7902413010597229,0.13721857964992523,0.7277527451515198,0.10832835733890533,0.7898248434066772,0.039088960736989975,0.7758687734603882,-0.07275588810443878,0.9165633916854858
0.16972565650939941,-0.6059554219245911,-0.056657902896404266,0.9994240999221802,0.16740411520004272,-0.6461275219917297,-0.047314826399087906,0.9993622899055481,0.16687776148319244,-0.6462140679359436,-0.04913342744112015,0.999066948890686,0.1672980636358261,-0.6464856863021851,-0.04718074947595596,0.9992745518684387,0.15083737671375275,-0.6484391689300537,-0.0746629387140274,0.9993528127670288,0.1531284600496292,-0.6492554545402527,-0.0748429223895073,0.9992037415504456,0.1526481807231903,-0.6482259631156921,-0.07105587422847748,0.9992889761924744,0.11910886317491531,-0.6540536284446716,0.04049898684024811,0.9990782737731934,0.047877658158540726,-0.6568199992179871,-0.061664655804634094,0.999302089214325,0.13855257630348206,-0.5857463479042053,-0.029144002124667168,0.998952329158783,0.12128382176160812,-0.5852536559104919,-0.05910761281847954,0.9992396831512451,0.13946884870529175,-0.48626473546028137,0.1296190321445465,0.9987696409225464,-0.04012017324566841,-0.5308823585510254,-0.13674885034561157,0.9994460344314575,0.2649255096912384,-0.4180181324481964,0.07552777975797653,0.40838655829429626,0.09310272336006165,-0.5068871974945068,-0.2435559332370758,0.9839941263198853,0.28425008058547974,-0.5076851844787598,-0.055572062730789185,0.5298157334327698,0.27413997054100037,-0.5654844045639038,-0.2019290179014206,0.9361206889152527,0.27769145369529724,-0.5339361429214478,-0.07950355112552643,0.46277645230293274,0.3063414990901947,-0.573438823223114,-0.22787204384803772,0.8872976899147034,0.26632508635520935,-0.5601116418838501,-0.08042851090431213,0.4516107738018036,0.30808791518211365,-0.5856883525848389,-0.21074289083480835,0.8751218318939209,0.27430659532546997,-0.5222602486610413,-0.06313261389732361,0.4468541145324707,0.28183713555336,-0.5679171681404114,-0.19359228014945984,0.8389530777931213,0.06005246937274933,0.003027026541531086,0.08385194092988968,0.9994150996208191,-0.06073122099041939,-0.003615778172388673,-0.08343047648668289,0.9993606209754944,0.249937504529953,0.26563140749931335,0.05037409067153931,0.6451089382171631,0.1855715811252594,0.27561572194099426,-0.1356208324432373,0.937283456325531,0.11978442221879959,0.5999594330787659,0.12177036702632904,0.7174807786941528,0.024616867303848267,0.6201913356781006,-0.05520317703485489,0.9207683205604553,0.10732939094305038,0.6438812613487244,0.12497411668300629,0.7066587805747986,0.0065016611479222775,0.6613638997077942,-0.04858747869729996,0.7823762893676758,0.18176902830600739,0.7238791584968567,0.08217430114746094,0.7905860543251038,0.04509734362363815,0.7542691230773926,-0.10525378584861755,0.9137495756149292
0.15659473836421967,-0.593429446220398,-0.038317881524562836,0.999406635761261,0.16177663207054138,-0.6323801279067993,-0.02662656269967556,0.9993273615837097,0.1612759679555893,-0.632487416267395,-0.028479326516389847,0.9990240931510925,0.16170890629291534,-0.6327400803565979,-0.02648548223078251,0.99924236536026,0.13932712376117706,-0.635975182056427,-0.04765122011303902,0.9993259310722351,0.1416354924440384,-0.6367902159690857,-0.0477769635617733,0.9991738200187683,0.1411808431148529,-0.6357505917549133,-0.04400903359055519,0.9992610812187195,0.12566708028316498,-0.6398195028305054,0.06797271966934204,0.9990183711051941,0.04718364402651787,-0.6491760611534119,-0.011657025665044785,0.9992678165435791,0.13630566000938416,-0.5739754438400269,-0.008430905640125275,0.998878002166748,0.11294742673635483,-0.5753037333488464,-0.030729813501238823,0.9992063641548157,0.1553678661584854,-0.4774077236652374,0.13989943265914917,0.9988095164299011,-0.04623543843626976,-0.5249388217926025,-0.07518292963504791,0.9994578957557678,0.2699384391307831,-0.40222007036209106,0.08300407975912094,0.4289757013320923,0.07534584403038025,-0.4868050515651703,-0.19650019705295563,0.9841967821121216,0.284025102853775,-0.4954169988632202,-0.04729359596967697,0.5455945730209351,0.2657893896102905,-0.5386547446250916,-0.18243980407714844,0.936124861240387,0.2774280309677124,-0.5212133526802063,-0.07321204245090485,0.4769904613494873,0.2969959080219269,-0.5444703102111816,-0.20759060978889465,0.8853932619094849,0.26450541615486145,-0.5464553833007812,-0.07052899897098541,0.4653676152229309,0.29941537976264954,-0.5553979873657227,-0.18836034834384918,0.8729183673858643,0.2735450565814972,-0.5093377232551575,-0.053464505821466446,0.46084561944007874,0.27297213673591614,-0.5390887260437012,-0.1742323338985443,0.8360339999198914,0.06381834298372269,0.003241903381422162,0.07726563513278961,0.9994298815727234,-0.06446488946676254,-0.003827788168564439,-0.07685088366270065,0.9993529915809631,0.2372007817029953,0.26130226254463196,-0.0020198056008666754,0.6510051488876343,0.18603597581386566,0.2670677602291107,-0.16374042630195618,0.9341350793838501,0.08755344152450562,0.6024150848388672,0.045123592019081116,0.7200228571891785,0.05983777344226837,0.616142988204956,-0.11613695323467255,0.9141806960105896,0.0709703117609024,0.6466729044914246,0.046292442828416824,0.7032535672187805,0.04560551419854164,0.657419741153717,-0.11247614026069641,0.7692674994468689,0.13389767706394196,0.7264004945755005,-0.004119606222957373,0.7897648215293884,0.07968837022781372,0.7462827563285828,-0.18122462928295135,0.9084368944168091
0.1515880525112152,-0.5910736322402954,-0.033369436860084534,0.9993616938591003,0.1592913568019867,-0.6297831535339355,-0.02150513418018818,0.9992559552192688,0.15881215035915375,-0.6298887729644775,-0.023380594328045845,0.9989309906959534,0.15924787521362305,-0.6301394701004028,-0.021378785371780396,0.9991711974143982,0.135070338845253,-0.6335224509239197,-0.041684623807668686,0.9992570877075195,0.13739046454429626,-0.6343278884887695,-0.04178088158369064,0.9990938901901245,0.13694104552268982,-0.6332890391349792,-0.03800560534000397,0.9991872310638428,0.1273377388715744,-0.6370267868041992,0.07286644726991653,0.99891197681427,0.046448931097984314,-0.6472781896591187,-0.007195876911282539,0.9991892576217651,0.13497385382652283,-0.5716795325279236,-0.0033915131352841854,0.9987574219703674,0.10922195017337799,-0.5732594728469849,-0.024766432121396065,0.9991403818130493,0.15816208720207214,-0.4743978679180145,0.14211004972457886,0.9988340735435486,-0.049223341047763824,-0.5235050916671753,-0.07099112123250961,0.9994518160820007,0.27546945214271545,-0.3918514847755432,0.08087802678346634,0.4477344751358032,0.07006415724754333,-0.4824373424053192,-0.1922314167022705,0.984321117401123,0.2838863134384155,-0.47948482632637024,-0.058038871735334396,0.5595331788063049,0.26173239946365356,-0.5324569940567017,-0.1784898191690445,0.9357656836509705,0.27649563550949097,-0.5043350458145142,-0.08639375120401382,0.4894436001777649,0.29114633798599243,-0.537925660610199,-0.2033155858516693,0.8832463622093201,0.26194027066230774,-0.5296171307563782,-0.08181551843881607,0.47734272480010986,0.29259052872657776,-0.5477119088172913,-0.18439239263534546,0.8705109357833862,0.2725084722042084,-0.49304619431495667,-0.06352623552083969,0.472866028547287,0.2680767774581909,-0.5322139859199524,-0.17055048048496246,0.8329136967658997,0.06586994230747223,0.0033063965383917093,0.07516331970691681,0.9994412660598755,-0.06648752838373184,-0.003891468746587634,-0.07475657761096954,0.9993388652801514,0.2414972335100174,0.26000046730041504,-0.006994032766669989,0.6547011137008667,0.1915997564792633,0.2728818356990814,-0.17030154168605804,0.9310999512672424,0.08598833531141281,0.5985867381095886,0.04552440717816353,0.7197856903076172,0.05575001984834671,0.6209107637405396,-0.12247660756111145,0.9074227809906006,0.06855355203151703,0.6423654556274414,0.04743417352437973,0.6984574198722839,0.040509264916181564,0.6619508862495422,-0.11870110034942627,0.7549627423286438,0.13245221972465515,0.7251002788543701,0.0003431743534747511,0.7874636650085449,0.07448531687259674,0.7526471614837646,-0.18639127910137177,0.9030921459197998
0.15178322792053223,-0.5881059765815735,-0.03215111047029495,0.9992657899856567,0.16032083332538605,-0.626427173614502,-0.020631466060876846,0.9991474747657776,0.15985003113746643,-0.6265313625335693,-0.022502539679408073,0.9987807869911194,0.16028191149234772,-0.6267725229263306,-0.020503554493188858,0.9990478754043579,0.13586506247520447,-0.6310349106788635,-0.04090500250458717,0.9991564750671387,0.13818727433681488,-0.6318238973617554,-0.04099500924348831,0.9989773035049438,0.13772454857826233,-0.6308009028434753,-0.037211764603853226,0.9990811347961426,0.1372399628162384,-0.6345179080963135,0.07337895780801773,0.9987435936927795,0.0488925576210022,-0.6474222540855408,-0.008242672309279442,0.9990831613540649,0.13577571511268616,-0.5691689252853394,-0.0019040615297853947,0.9985297322273254,0.10973305255174637,-0.5717630982398987,-0.02343117445707321,0.9990161061286926,0.16428670287132263,-0.47248682379722595,0.14338384568691254,0.9987146258354187,-0.04873478040099144,-0.5246354937553406,-0.06963936239480972,0.999433159828186,0.2722339928150177,-0.38831230998039246,0.08538424968719482,0.44896581768989563,0.06524552404880524,-0.4849611222743988,-0.1898270696401596,0.9839666485786438,0.28838449716567993,-0.480658620595932,-0.04705848544836044,0.5605636835098267,0.26100489497184753,-0.5341538786888123,-0.1790742576122284,0.9339364767074585,0.2841493785381317,-0.506563127040863,-0.07347725331783295,0.4922921657562256,0.2934083342552185,-0.5380163788795471,-0.2042309045791626,0.8797510862350464,0.2751501798629761,-0.5321846604347229,-0.0709032267332077,0.48012402653694153,0.29894140362739563,-0.5493130087852478,-0.18485645949840546,0.8667579889297485,0.2799127995967865,-0.4950246214866638,-0.05324772000312805,0.476020872592926,0.2696506083011627,-0.5347008109092712,-0.17119699716567993,0.8286128640174866,0.0669919028878212,0.0035000673960894346,0.0744030624628067,0.9993964433670044,-0.06760819256305695,-0.004091405309736729,-0.07400724291801453,0.9992852210998535,0.24026687443256378,0.25939705967903137,-0.0007435059524141252,0.6556693315505981,0.18074019253253937,0.27558621764183044,-0.16505496203899384,0.9279288649559021,0.0761570930480957,0.5871924161911011,0.059599123895168304,0.7142951488494873,0.04998607188463211,0.6273041367530823,-0.11778870970010757,0.902082085609436,0.05795041844248772,0.6297887563705444,0.06239122897386551,0.6898684501647949,0.03844457492232323,0.66871178150177,-0.11425646394491196,0.7435164451599121,0.11951623857021332,0.718474268913269,0.018698159605264664,0.7811428904533386,0.06311501562595367,0.7594127655029297,-0.18375861644744873,0.8985521793365479
0.144132599234581,-0.5886290073394775,-0.032450731843709946,0.9991530179977417,0.15367937088012695,-0.6269708871841431,-0.020745521411299706,0.9990227222442627,0.1532444804906845,-0.6270637512207031,-0.02260957472026348,0.9986153244972229,0.15369121730327606,-0.6273064017295837,-0.02060791477560997,0.9989117980003357,0.1272573471069336,-0.6314350366592407,-0.04158765450119972,0.9990367889404297,0.1295870840549469,-0.6322194933891296,-0.04168210178613663,0.9988436102867126,0.12910577654838562,-0.6311970353126526,-0.037900544703006744,0.9989560842514038,0.1366332769393921,-0.6339181661605835,0.07279639691114426,0.9985129833221436,0.04680689796805382,-0.6472045183181763,-0.0037630118895322084,0.9989549517631531,0.13342587649822235,-0.5692293047904968,-0.0020951132755726576,0.9982264637947083,0.10495177656412125,-0.5717926621437073,-0.0239909365773201,0.9988321661949158,0.1671772450208664,-0.4688234329223633,0.14356648921966553,0.9985121488571167,-0.048822782933712006,-0.5235939621925354,-0.0630032941699028,0.9993744492530823,0.26149606704711914,-0.37061676383018494,0.08239825814962387,0.4468521773815155,0.06122911721467972,-0.4771084785461426,-0.18627551198005676,0.9837439656257629,0.2710466682910919,-0.4620218873023987,-0.04583469033241272,0.5562188625335693,0.26339176297187805,-0.529556930065155,-0.17930485308170319,0.9315545558929443,0.265252023935318,-0.4871010184288025,-0.07202329486608505,0.4899176359176636,0.30027586221694946,-0.5346429347991943,-0.20432400703430176,0.8746724128723145,0.26075509190559387,-0.512418806552887,-0.06934461742639542,0.4776196777820587,0.3074969947338104,-0.5475480556488037,-0.18532049655914307,0.8610894680023193,0.2643309235572815,-0.4761674702167511,-0.05183067545294762,0.4741060733795166,0.27383530139923096,-0.5307996273040771,-0.17142939567565918,0.8220496773719788,0.06804797798395157,0.004146164283156395,0.0727924332022667,0.9993318319320679,-0.068670354783535,-0.004759261850267649,-0.07240185886621475,0.9991772770881653,0.23622512817382812,0.26217177510261536,-0.009196859784424305,0.6584337949752808,0.17460699379444122,0.2684483528137207,-0.16586509346961975,0.9241572022438049,0.06204548105597496,0.5919657349586487,0.04200359433889389,0.7115488648414612,0.04261728748679161,0.6194290518760681,-0.11868314445018768,0.8921299576759338,0.04477493092417717,0.6350638270378113,0.044008608907461166,0.6827254295349121,0.02990677021443844,0.660560667514801,-0.1151527538895607,0.7269172072410583,0.105868861079216,0.7206197381019592,-0.002454792382195592,0.77609783411026,0.06032919883728027,0.7459186315536499,-0.18642506003379822,0.8904173970222473
0.17469240725040436,-0.5870307087898254,-0.018414760008454323,0.9991006851196289,0.17959649860858917,-0.6257421970367432,-0.0093059241771698,0.9989571571350098,0.1791326403617859,-0.6258437037467957,-0.011157318949699402,0.9985185265541077,0.17954780161380768,-0.6261003613471985,-0.009174677543342113,0.9988520741462708,0.1604107767343521,-0.6303165555000305,-0.03286031261086464,0.9989715218544006,0.1627456247806549,-0.631094217300415,-0.032967183738946915,0.998760998249054,0.16222406923770905,-0.6300788521766663,-0.02918209135532379,0.9988913536071777,0.1442483812570572,-0.634139358997345,0.07657122611999512,0.9984541535377502,0.07398470491170883,-0.6473257541656494,-0.009669361636042595,0.9988795518875122,0.15197066962718964,-0.568217933177948,0.009356138296425343,0.9981075525283813,0.13169024884700775,-0.5708882808685303,-0.01650046743452549,0.9987564086914062,0.16289302706718445,-0.46762552857398987,0.15342263877391815,0.9984564781188965,-0.01863633282482624,-0.5252994894981384,-0.07073911279439926,0.9993579983711243,0.2614711821079254,-0.3733239471912384,0.11993762850761414,0.43974822759628296,0.11121395230293274,-0.47773000597953796,-0.18984253704547882,0.9831098318099976,0.30192992091178894,-0.4718678295612335,0.01177244819700718,0.5510079860687256,0.3097083568572998,-0.5365089774131775,-0.17749620974063873,0.9295496940612793,0.3029869794845581,-0.4996521770954132,-0.007499657571315765,0.4872632324695587,0.34295225143432617,-0.5402213931083679,-0.20279976725578308,0.872336208820343,0.30063608288764954,-0.525534987449646,-0.010650094598531723,0.47521889209747314,0.34546011686325073,-0.5526536703109741,-0.18327224254608154,0.858660876750946,0.2979941666126251,-0.48707976937294006,0.003935943823307753,0.4723323881626129,0.3179447054862976,-0.5376420021057129,-0.16936415433883667,0.8190571069717407,0.06512482464313507,0.004143811762332916,0.07462383061647415,0.9992846846580505,-0.06574064493179321,-0.0047571551986038685,-0.07423222810029984,0.9991106390953064,0.24898289144039154,0.25726187229156494,0.002524847397580743,0.6551788449287415,0.18446636199951172,0.27015286684036255,-0.16680239140987396,0.9233211874961853,0.07422269135713577,0.5927222371101379,0.058828204870224,0.7107082009315491,0.04086047410964966,0.623943030834198,-0.11981890350580215,0.8914250135421753,0.0570208914577961,0.6361105442047119,0.06090301647782326,0.6818419098854065,0.026584701612591743,0.6645565629005432,-0.11634442210197449,0.7243996858596802,0.12707680463790894,0.7214134931564331,0.015416612848639488,0.7751868367195129,0.06209235265851021,0.7565158605575562,-0.1827954351902008,0.8897470235824585
0.1888779103755951,-0.5832231640815735,-0.01130638737231493,0.9990732669830322,0.1902780830860138,-0.6226221919059753,-0.0029675615951418877,0.9989118576049805,0.1897856444120407,-0.6227179765701294,-0.0047943624667823315,0.9984575510025024,0.19020409882068634,-0.6229956150054932,-0.0028304466977715492,0.9988170266151428,0.17454446852207184,-0.6269994378089905,-0.029903825372457504,0.9989333152770996,0.17690370976924896,-0.6277465224266052,-0.030009521171450615,0.9987207651138306,0.17637790739536285,-0.6267194151878357,-0.02623000741004944,0.9988574385643005,0.14144553244113922,-0.6337737441062927,0.0808267742395401,0.9984427690505981,0.07819247990846634,-0.6462082266807556,-0.013751525431871414,0.9988613128662109,0.15778909623622894,-0.5657263398170471,0.016168979927897453,0.9980817437171936,0.1413201540708542,-0.5680407881736755,-0.014222029596567154,0.9987441301345825,0.1587071716785431,-0.46794402599334717,0.16394968330860138,0.9984766840934753,-0.014878693968057632,-0.5255482792854309,-0.08336315304040909,0.9993575215339661,0.27475157380104065,-0.3781532347202301,0.1351107358932495,0.4409816861152649,0.13526830077171326,-0.48268619179725647,-0.19318877160549164,0.982818603515625,0.31680890917778015,-0.47624921798706055,0.021862899884581566,0.5515283942222595,0.32465389370918274,-0.5547968149185181,-0.16440030932426453,0.9282458424568176,0.31589871644973755,-0.5018495917320251,0.0035806135274469852,0.4872298538684845,0.35575026273727417,-0.5662620663642883,-0.18679861724376678,0.8705387115478516,0.30594101548194885,-0.528732419013977,0.0014867166755720973,0.4752779006958008,0.3528982400894165,-0.5733480453491211,-0.16653941571712494,0.8566934466362,0.3088834285736084,-0.490563303232193,0.01420679036527872,0.47304391860961914,0.3294910490512848,-0.5551914572715759,-0.15506374835968018,0.81624835729599,0.0627179965376854,0.003966350108385086,0.07826341688632965,0.9992821216583252,-0.06330809742212296,-0.0045815519988536835,-0.07784324884414673,0.9990968108177185,0.24910728633403778,0.25786730647087097,0.0038501317612826824,0.6526038646697998,0.18514391779899597,0.29071223735809326,-0.16755914688110352,0.9233181476593018,0.0791419968008995,0.5932448506355286,0.06696940958499908,0.7107996344566345,0.03834092989563942,0.6462188959121704,-0.12409514933824539,0.892493724822998,0.06302300095558167,0.6363779902458191,0.06890704482793808,0.6833882331848145,0.02370193973183632,0.686575174331665,-0.12138166278600693,0.7257716655731201,0.13919328153133392,0.7205032110214233,0.02409639023244381,0.7762030363082886,0.06080587953329086,0.7861819267272949,-0.18825101852416992,0.8908572196960449
0.18942490220069885,-0.5817331075668335,-0.005473090335726738,0.9990718364715576,0.18915915489196777,-0.6211974024772644,0.003076443914324045,0.9988955855369568,0.18866010010242462,-0.6212647557258606,0.0012911424273625016,0.9984450936317444,0.18909107148647308,-0.6215440034866333,0.003268635366111994,0.9988083243370056,0.1745227575302124,-0.6254724264144897,-0.026281580328941345,0.9989317655563354,0.17688968777656555,-0.6261814832687378,-0.026370935142040253,0.9987272024154663,0.1763523519039154,-0.625148594379425,-0.022624382749199867,0.9988629817962646,0.13888026773929596,-0.6330059766769409,0.08656703680753708,0.9984226226806641,0.07477979362010956,-0.6450451612472534,-0.015791388228535652,0.9988809823989868,0.15618284046649933,-0.5646498799324036,0.022047879174351692,0.9980801343917847,0.14058226346969604,-0.5667124390602112,-0.01147067453712225,0.9987614750862122,0.14305715262889862,-0.4685041308403015,0.16945835947990417,0.9985097050666809,-0.017346568405628204,-0.5261734127998352,-0.0949573814868927,0.9993749856948853,0.2657468020915985,-0.3827328383922577,0.1315142810344696,0.4376504719257355,0.13608182966709137,-0.4928533732891083,-0.19460873305797577,0.9825034737586975,0.2999589145183563,-0.47821685671806335,0.009011923335492611,0.5504916310310364,0.31896334886550903,-0.562527060508728,-0.14368245005607605,0.9270527362823486,0.2981399893760681,-0.505326509475708,-0.009307125583291054,0.4856202006340027,0.3485328257083893,-0.5735616087913513,-0.16313472390174866,0.8687341213226318,0.2809560298919678,-0.53304523229599,-0.010668693110346794,0.47371986508369446,0.34552985429763794,-0.5737988948822021,-0.1441311538219452,0.8546916246414185,0.28759491443634033,-0.4934331476688385,0.0008524133008904755,0.4720078706741333,0.32256051898002625,-0.5595371127128601,-0.13387970626354218,0.8131055235862732,0.06187371164560318,0.0039475103840231895,0.08057152479887009,0.9993277788162231,-0.062461838126182556,-0.004559672437608242,-0.08012143522500992,0.9991578459739685,0.23582404851913452,0.2614138722419739,0.023653239011764526,0.6515928506851196,0.17300018668174744,0.3155466914176941,-0.16723547875881195,0.9250558018684387,0.07910825312137604,0.5937348008155823,0.08288777619600296,0.7145927548408508,0.02879534661769867,0.6744962930679321,-0.12631379067897797,0.8975681066513062,0.06408926099538803,0.6362684369087219,0.08493826538324356,0.6890078783035278,0.015387509949505329,0.7154014110565186,-0.12513092160224915,0.7339349985122681,0.14663101732730865,0.7143192291259766,0.03535395860671997,0.7817120552062988,0.05732102692127228,0.8070205450057983,-0.20678183436393738,0.8961596488952637
0.1910628378391266,-0.5825873017311096,-0.010903320275247097,0.9990758895874023,0.18973924219608307,-0.6220507621765137,-0.0027911325450986624,0.9988932609558105,0.1892375946044922,-0.6221069693565369,-0.0045876274816691875,0.9984413981437683,0.18968041241168976,-0.6223922967910767,-0.0026428201235830784,0.9988056421279907,0.17543286085128784,-0.6263470649719238,-0.03430648148059845,0.9989373683929443,0.1778145283460617,-0.627020537853241,-0.0344056598842144,0.9987361431121826,0.17727242410182953,-0.6259931325912476,-0.030694367364048958,0.9988707900047302,0.13775485754013062,-0.6333416104316711,0.07996653020381927,0.9984281659126282,0.07416634261608124,-0.6451961398124695,-0.039429932832717896,0.9989035725593567,0.15674977004528046,-0.5652918815612793,0.016201596707105637,0.9980946779251099,0.14174452424049377,-0.5672264695167542,-0.019959714263677597,0.9987812042236328,0.1387980580329895,-0.46924659609794617,0.1670219749212265,0.9984527230262756,-0.01563912071287632,-0.5283064246177673,-0.12213307619094849,0.9993591904640198,0.265381783246994,-0.41240981221199036,0.11662887036800385,0.43699055910110474,0.13892978429794312,-0.5134105682373047,-0.21414469182491302,0.982533872127533,0.28736141324043274,-0.5346196293830872,-0.019266780465841293,0.5501032471656799,0.31836169958114624,-0.5866156816482544,-0.1484805792570114,0.926701545715332,0.278214693069458,-0.5690709948539734,-0.04123732075095177,0.4837956130504608,0.3479744791984558,-0.597995400428772,-0.16940490901470184,0.868196964263916,0.25817206501960754,-0.5957106351852417,-0.03880138322710991,0.4716137945652008,0.34481900930404663,-0.5963444113731384,-0.1505645513534546,0.8539819121360779,0.2721351087093353,-0.5511016249656677,-0.02616083063185215,0.47008180618286133,0.3218704164028168,-0.5831804871559143,-0.13909313082695007,0.8116226196289062,0.06057588756084442,0.003949303645640612,0.08374778181314468,0.9993520379066467,-0.061157532036304474,-0.0045616780407726765,-0.0832742303609848,0.9991903901100159,0.23325373232364655,0.2647997736930847,0.05051384121179581,0.650190532207489,0.1646907925605774,0.334031879901886,-0.16382670402526855,0.927045464515686,0.07956840097904205,0.5966216325759888,0.10960844904184341,0.7179009914398193,0.017397483810782433,0.6929346919059753,-0.12521374225616455,0.9014461040496826,0.06588348001241684,0.638972282409668,0.11167782545089722,0.6934576630592346,0.0036079161800444126,0.7340309023857117,-0.12325215339660645,0.7399729490280151,0.1560901701450348,0.7153443098068237,0.06375766545534134,0.7851046323776245,0.050982724875211716,0.8242195248603821,-0.19806011021137238,0.8995746374130249
0.19160325825214386,-0.5837271809577942,-0.02167053334414959,0.9990233778953552,0.18875180184841156,-0.6238144040107727,-0.013781828805804253,0.9988314509391785,0.18824663758277893,-0.6238543391227722,-0.015592974610626698,0.9983632564544678,0.18868811428546906,-0.6241546869277954,-0.013675144873559475,0.998744010925293,0.1747056245803833,-0.6273982524871826,-0.04776293784379959,0.9988927841186523,0.17709535360336304,-0.6280381083488464,-0.04788416624069214,0.9987009763717651,0.17655009031295776,-0.6270162463188171,-0.04416649043560028,0.9988328814506531,0.130396768450737,-0.6362589001655579,0.07038723677396774,0.9983797669410706,0.07220489531755447,-0.6452887654304504,-0.06382132321596146,0.9988875389099121,0.15598037838935852,-0.5666249394416809,0.0061639342457056046,0.9980200529098511,0.1412801295518875,-0.5677134394645691,-0.032926153391599655,0.9987335205078125,0.12735861539840698,-0.47541749477386475,0.16540655493736267,0.9982987642288208,-0.01758609525859356,-0.5283880233764648,-0.14376817643642426,0.9992928504943848,0.26520293951034546,-0.43555939197540283,0.11886180937290192,0.4293597638607025,0.13259002566337585,-0.5180825591087341,-0.22877651453018188,0.9816504716873169,0.27182355523109436,-0.5655598640441895,-0.005774541292339563,0.5387653112411499,0.30471858382225037,-0.6113021373748779,-0.14927515387535095,0.9226613640785217,0.2576964795589447,-0.5994814038276672,-0.02536763809621334,0.47208306193351746,0.32678061723709106,-0.6261559128761292,-0.17125631868839264,0.8634482026100159,0.23581044375896454,-0.6256794333457947,-0.023918120190501213,0.4599243998527527,0.31903529167175293,-0.6269464492797852,-0.15162096917629242,0.8488983511924744,0.2546791136264801,-0.5822686553001404,-0.012815840542316437,0.4589676558971405,0.3036400079727173,-0.6104128360748291,-0.13998520374298096,0.8054159879684448,0.058571361005306244,0.003911416511982679,0.08752363175153732,0.9993586540222168,-0.059154365211725235,-0.00452664028853178,-0.08702980726957321,0.9992050528526306,0.20998461544513702,0.27809858322143555,0.06455497443675995,0.6418008208274841,0.15940187871456146,0.34191057085990906,-0.15719695389270782,0.9275875091552734,0.07017508894205093,0.6138991713523865,0.11648143827915192,0.7170404195785522,0.013726543635129929,0.6971253752708435,-0.1224307119846344,0.9045747518539429,0.05900190398097038,0.6565452218055725,0.11758966743946075,0.6960188746452332,5.655316999764182e-05,0.7380135655403137,-0.12254944443702698,0.7478363513946533,0.15170013904571533,0.7280507683753967,0.06851204484701157,0.7863847017288208,0.049321163445711136,0.8301989436149597,-0.19433237612247467,0.9025591015815735
0.19034215807914734,-0.5902437567710876,-0.02269640751183033,0.9990668892860413,0.18450355529785156,-0.6318077445030212,-0.014725771732628345,0.9988857507705688,0.18400347232818604,-0.63182133436203,-0.016531014814972878,0.9984385967254639,0.18444357812404633,-0.6321442127227783,-0.014621900394558907,0.998802661895752,0.17346344888210297,-0.6335579752922058,-0.04963211715221405,0.9989482760429382,0.17588405311107635,-0.6341709494590759,-0.04974787309765816,0.9987694621086121,0.17532366514205933,-0.6331349015235901,-0.04603966325521469,0.9988939166069031,0.10865981876850128,-0.644426167011261,0.06908436119556427,0.9984540939331055,0.06339310854673386,-0.6463075280189514,-0.07106239348649979,0.9989482164382935,0.1521829217672348,-0.5724570155143738,0.004970191977918148,0.9981094002723694,0.14042744040489197,-0.5713195204734802,-0.035382334142923355,0.9987850785255432,0.10814657062292099,-0.4793036878108978,0.16531582176685333,0.998296856880188,-0.018152302131056786,-0.5263855457305908,-0.15445764362812042,0.999291718006134,0.25337401032447815,-0.4313991367816925,0.1299447864294052,0.4203639626502991,0.12852604687213898,-0.5005760788917542,-0.23791909217834473,0.9813669323921204,0.26015061140060425,-0.5588609576225281,0.010304703377187252,0.5328108668327332,0.2883085012435913,-0.6064421534538269,-0.15584303438663483,0.9226872324943542,0.24855221807956696,-0.5936515927314758,-0.007405460346490145,0.466728538274765,0.30698031187057495,-0.6233230829238892,-0.17779555916786194,0.8646219372749329,0.22950920462608337,-0.6207681894302368,-0.00827416218817234,0.4547078013420105,0.29587841033935547,-0.6281613111495972,-0.15920411050319672,0.8501306176185608,0.24472710490226746,-0.5762921571731567,0.0021538108121603727,0.45387542247772217,0.2850469946861267,-0.6073591709136963,-0.14626699686050415,0.8063262701034546,0.05608772113919258,0.003797364654019475,0.09204421937465668,0.9993811249732971,-0.05665407329797745,-0.004417958669364452,-0.09152786433696747,0.9992422461509705,0.19773311913013458,0.2881210446357727,0.08273476362228394,0.6381438970565796,0.13886989653110504,0.35289326310157776,-0.14995411038398743,0.9302011728286743,0.06655493378639221,0.6280860900878906,0.13707756996154785,0.7208235263824463,-0.002255283063277602,0.7097548842430115,-0.11372320353984833,0.9096891283988953,0.05694948881864548,0.671464741230011,0.1379762887954712,0.7026810050010681,-0.015384417027235031,0.7510313391685486,-0.11499883979558945,0.7590436935424805,0.15222735702991486,0.7390410304069519,0.0873601883649826,0.7912451028823853,0.03934846073389053,0.8415057063102722,-0.1934565007686615,0.9074474573135376
0.19465216994285583,-0.597831130027771,-0.02309434860944748,0.9991087317466736,0.1856120228767395,-0.6406773924827576,-0.015199180692434311,0.9989368915557861,0.18510966002941132,-0.6406930685043335,-0.016999106854200363,0.9985141754150391,0.18554511666297913,-0.6410300135612488,-0.015101966448128223,0.9988621473312378,0.17538243532180786,-0.6406699419021606,-0.05106218159198761,0.9990023970603943,0.17778953909873962,-0.6412661671638489,-0.0511927530169487,0.9988404512405396,0.17722973227500916,-0.6402115225791931,-0.04745244234800339,0.9989559054374695,0.10599792748689651,-0.6523915529251099,0.067111074924469,0.9985382556915283,0.06406871229410172,-0.6472709774971008,-0.0796172022819519,0.9990081191062927,0.1542735993862152,-0.5788695216178894,0.004070458468049765,0.9981987476348877,0.1442832499742508,-0.5755674839019775,-0.03765100613236427,0.9988329410552979,0.10328555107116699,-0.48394304513931274,0.16556189954280853,0.9982690811157227,-0.010558420792222023,-0.5235482454299927,-0.16579122841358185,0.9992721080780029,0.25244617462158203,-0.44023966789245605,0.16735802590847015,0.4088370203971863,0.14222382009029388,-0.4998953342437744,-0.24807961285114288,0.9806870222091675,0.25992727279663086,-0.5737200379371643,0.08933793753385544,0.5207502245903015,0.28828075528144836,-0.612780749797821,-0.16877005994319916,0.9212071895599365,0.24884150922298431,-0.6092730760574341,0.0798225924372673,0.45611849427223206,0.30702275037765503,-0.6324443817138672,-0.19239690899848938,0.8643205761909485,0.2316107153892517,-0.6348897814750671,0.07456693798303604,0.44443032145500183,0.297015905380249,-0.6379969716072083,-0.1743450164794922,0.8498775362968445,0.24561072885990143,-0.5912343263626099,0.08077485114336014,0.44393402338027954,0.2853443920612335,-0.6156600117683411,-0.15952709317207336,0.8055799007415771,0.05165658891201019,0.0038989330641925335,0.09455995261669159,0.9993934631347656,-0.05221317708492279,-0.004526777658611536,-0.09403203427791595,0.9992645978927612,0.1759805679321289,0.3131815493106842,0.10060928016901016,0.6303158402442932,0.1386738419532776,0.3505408465862274,-0.13967135548591614,0.9320589900016785,0.04902132973074913,0.6550500988960266,0.15332870185375214,0.7235308289527893,-0.0015388192841783166,0.7043524384498596,-0.09240475296974182,0.9142076969146729,0.04066264629364014,0.6989656686782837,0.15377214550971985,0.7078041434288025,-0.013078133575618267,0.7454557418823242,-0.09202007949352264,0.7706954479217529,0.13624489307403564,0.764170229434967,0.1027723103761673,0.7950102090835571,0.0450296588242054,0.8374353647232056,-0.16576814651489258,0.9118541479110718
0.19739492237567902,-0.5992286801338196,-0.007714764215052128,0.9991646409034729,0.1869385540485382,-0.6419900059700012,-0.0005517915124073625,0.9990021586418152,0.1864156872034073,-0.6420107483863831,-0.002313606906682253,0.9986059665679932,0.1868414282798767,-0.6423580050468445,-0.00039989696233533323,0.9989330172538757,0.1778271645307541,-0.6419959664344788,-0.0367647185921669,0.999068558216095,0.1802224963903427,-0.6426031589508057,-0.036864809691905975,0.9989214539527893,0.17964796721935272,-0.6415377855300903,-0.03307560831308365,0.9990286827087402,0.1063549593091011,-0.653153121471405,0.07548797130584717,0.9986304044723511,0.068938709795475,-0.6474776864051819,-0.07845307886600494,0.9990769028663635,0.15657790005207062,-0.5800179839134216,0.017346449196338654,0.998315155506134,0.14836043119430542,-0.5765305757522583,-0.024771764874458313,0.9989073872566223,0.10302667319774628,-0.4840796887874603,0.1779319792985916,0.9983253479003906,-2.7937117920373566e-05,-0.5230430960655212,-0.15890444815158844,0.9993088245391846,0.25233346223831177,-0.43905800580978394,0.19309966266155243,0.40471285581588745,0.151166170835495,-0.5035580396652222,-0.23080237209796906,0.9806541204452515,0.26031002402305603,-0.5723249316215515,0.11346888542175293,0.5174052119255066,0.28799277544021606,-0.6233589053153992,-0.13963235914707184,0.9211474061012268,0.24972718954086304,-0.6085324287414551,0.10269146412611008,0.4531674385070801,0.30444908142089844,-0.6442588567733765,-0.16185766458511353,0.8652415871620178,0.232598215341568,-0.6333009600639343,0.09807805716991425,0.44164183735847473,0.29444923996925354,-0.6471408009529114,-0.14570122957229614,0.8509160876274109,0.24626468122005463,-0.5896217226982117,0.10475685447454453,0.44137081503868103,0.28452253341674805,-0.6256291270256042,-0.1310148537158966,0.8070404529571533,0.04718046635389328,0.004786213394254446,0.09545337408781052,0.9994062781333923,-0.04772337153553963,-0.005425095092505217,-0.09491284936666489,0.9992967247962952,0.13535554707050323,0.33897435665130615,0.10353969782590866,0.6142765879631042,0.11764062196016312,0.3483016788959503,-0.13901089131832123,0.9325810074806213,0.022990548983216286,0.691005289554596,0.15354381501674652,0.7180224061012268,0.001135519822128117,0.7134122848510742,-0.1024063229560852,0.9182310700416565,0.017203349620103836,0.7363599538803101,0.15365605056285858,0.7092520594596863,-0.005937589332461357,0.7559549808502197,-0.10379455238580704,0.7816646695137024,0.11826487630605698,0.7962645292282104,0.10244449228048325,0.7934701442718506,0.06489910185337067,0.8378480672836304,-0.18357612192630768,0.9155948162078857
0.19248859584331512,-0.6019034385681152,-0.013926518149673939,0.9992060661315918,0.18088270723819733,-0.6442115306854248,-0.0058386740274727345,0.9990517497062683,0.18036046624183655,-0.6442201137542725,-0.007612134329974651,0.9986725449562073,0.1807991862297058,-0.6445600390434265,-0.005699570756405592,0.9989795684814453,0.17129112780094147,-0.644098699092865,-0.041418932378292084,0.9991198778152466,0.17369630932807922,-0.6447085738182068,-0.0415213480591774,0.9989847540855408,0.1730930358171463,-0.6436365246772766,-0.03772825002670288,0.9990841746330261,0.10299216955900192,-0.6548548936843872,0.07291994243860245,0.9986909627914429,0.06054481863975525,-0.6480115652084351,-0.07458485662937164,0.9991305470466614,0.1526208370923996,-0.582569420337677,0.012050352059304714,0.9984192252159119,0.14314764738082886,-0.5787360072135925,-0.02899688109755516,0.9989769458770752,0.10539476573467255,-0.4869621992111206,0.17252658307552338,0.998374342918396,-0.01365886814892292,-0.5213314890861511,-0.15414737164974213,0.9993290901184082,0.2528274953365326,-0.4417567253112793,0.18243034183979034,0.4145033657550812,0.12919197976589203,-0.5013718605041504,-0.241527259349823,0.9810532927513123,0.25885236263275146,-0.5784399509429932,0.08491850644350052,0.5280023813247681,0.23475363850593567,-0.6346631646156311,-0.19082677364349365,0.9236116409301758,0.24931146204471588,-0.6148068308830261,0.07118380814790726,0.4613163471221924,0.24672521650791168,-0.6617308855056763,-0.21804527938365936,0.8693079948425293,0.23020894825458527,-0.640751302242279,0.06785706430673599,0.4499679207801819,0.2364570051431656,-0.6667956709861755,-0.20494548976421356,0.8554285168647766,0.24399276077747345,-0.5958350896835327,0.07675694674253464,0.44934332370758057,0.2312292754650116,-0.6384446024894714,-0.1849144846200943,0.8126785755157471,0.04842637851834297,0.005335421301424503,0.09436141699552536,0.9994261860847473,-0.04893219470977783,-0.005983872339129448,-0.09380441904067993,0.9993332624435425,0.10508055984973907,0.35210463404655457,0.10763303935527802,0.6055598258972168,0.0610964372754097,0.35034531354904175,-0.13925188779830933,0.9329370856285095,0.011889178305864334,0.701279878616333,0.1800273060798645,0.7107367515563965,-0.014569319784641266,0.7260348796844482,-0.10553339123725891,0.9214507341384888,0.008235988207161427,0.7469841241836548,0.1820697784423828,0.7075446248054504,-0.018936440348625183,0.7695402503013611,-0.10762037336826324,0.7883058190345764,0.11033493280410767,0.8038188815116882,0.12026312947273254,0.7910091876983643,0.05845091491937637,0.8433903455734253,-0.20525120198726654,0.9188888669013977
0.19160331785678864,-0.6117768883705139,-0.02486463636159897,0.9992484450340271,0.1807209998369217,-0.6532297730445862,-0.015077265910804272,0.9991061687469482,0.18020744621753693,-0.653231143951416,-0.016857728362083435,0.9987412095069885,0.18064886331558228,-0.6535560488700867,-0.014978352934122086,0.9990298748016357,0.1709800809621811,-0.6524547934532166,-0.050330404192209244,0.9991768598556519,0.17337602376937866,-0.6530535221099854,-0.050423894077539444,0.9990532398223877,0.17279309034347534,-0.6519617438316345,-0.04655291512608528,0.9991471171379089,0.10334968566894531,-0.6601091623306274,0.06748116761445999,0.9987582564353943,0.0581589974462986,-0.6502141356468201,-0.07588393986225128,0.9991908073425293,0.1524241715669632,-0.5906727910041809,0.0024794070050120354,0.9985350966453552,0.142466738820076,-0.5860881805419922,-0.0378185398876667,0.999052882194519,0.10680392384529114,-0.4922105371952057,0.16731320321559906,0.9984395503997803,-0.022472793236374855,-0.518787682056427,-0.15308518707752228,0.9993650317192078,0.25286030769348145,-0.4555787742137909,0.19745518267154694,0.4139558970928192,0.09901760518550873,-0.5001418590545654,-0.26283782720565796,0.9816713333129883,0.25513917207717896,-0.6048557162284851,0.15429073572158813,0.5285069346427917,0.2045733481645584,-0.6521957516670227,-0.24022385478019714,0.925969660282135,0.2458682656288147,-0.6404746770858765,0.14176911115646362,0.45960932970046997,0.21783123910427094,-0.6824115514755249,-0.2702159881591797,0.8729369640350342,0.22637780010700226,-0.6659730672836304,0.1382249891757965,0.4486319422721863,0.21028468012809753,-0.6884329319000244,-0.25823113322257996,0.859409749507904,0.2402612566947937,-0.6224499940872192,0.1465100198984146,0.448979914188385,0.20287562906742096,-0.6574575304985046,-0.23558634519577026,0.817952036857605,0.050966549664735794,0.005855265073478222,0.0933372899889946,0.9994484782218933,-0.05146646127104759,-0.006504770368337631,-0.09276296943426132,0.9993752837181091,0.08873624354600906,0.3564761281013489,0.13818207383155823,0.5921518802642822,-0.005302277393639088,0.3685269057750702,-0.10286086052656174,0.9321496486663818,0.020486390218138695,0.7023237347602844,0.2371596246957779,0.6972906589508057,-0.057627927511930466,0.7479982376098633,-0.06326287984848022,0.923404335975647,0.010135307908058167,0.7484275698661804,0.24109910428524017,0.7005833387374878,-0.05913112312555313,0.7920523285865784,-0.06505216658115387,0.7912296652793884,0.13031259179115295,0.7986818552017212,0.1755441576242447,0.7842622399330139,0.026051431894302368,0.85602867603302,-0.17747807502746582,0.9209181666374207
0.2047985941171646,-0.6172616481781006,-0.026049766689538956,0.999295175075531,0.19221332669258118,-0.6581706404685974,-0.016554376110434532,0.9991638660430908,0.1917194277048111,-0.6581760048866272,-0.01831875555217266,0.9988153576850891,0.19215640425682068,-0.6585022211074829,-0.016447456553578377,0.9990871548652649,0.1834907829761505,-0.6562851071357727,-0.05170788615942001,0.9992345571517944,0.18588787317276,-0.6568704843521118,-0.051808323711156845,0.9991211891174316,0.18526144325733185,-0.6557813286781311,-0.047905582934617996,0.9992109537124634,0.10907425731420517,-0.664036750793457,0.06265802681446075,0.9988340139389038,0.06978705525398254,-0.6502903699874878,-0.07829184085130692,0.9992504119873047,0.16482913494110107,-0.596027135848999,0.0003092796541750431,0.9986453056335449,0.15556782484054565,-0.5900734663009644,-0.039657022804021835,0.9991239309310913,0.10876381397247314,-0.498631089925766,0.16313757002353668,0.9985033869743347,-0.015630045905709267,-0.5163719654083252,-0.15712179243564606,0.9994052648544312,0.2489689141511917,-0.476461797952652,0.21785680949687958,0.40570318698883057,0.09525437653064728,-0.5001394152641296,-0.27299031615257263,0.98231041431427,0.25435733795166016,-0.6130558252334595,0.21247999370098114,0.5173402428627014,0.20513495802879333,-0.6511631608009338,-0.2499065399169922,0.9282522797584534,0.24622973799705505,-0.6444326639175415,0.20712384581565857,0.4475320279598236,0.21931348741054535,-0.6792793273925781,-0.27949291467666626,0.8765750527381897,0.22793619334697723,-0.665817141532898,0.2001703679561615,0.4370785355567932,0.21609601378440857,-0.6845639944076538,-0.2663499712944031,0.8634002804756165,0.24082261323928833,-0.6280235052108765,0.20429708063602448,0.43870964646339417,0.20537880063056946,-0.6558024883270264,-0.2448926568031311,0.823131799697876,0.0511130727827549,0.0063622742891311646,0.0929436981678009,0.9994707107543945,-0.05161639302968979,-0.006997859571129084,-0.09234996885061264,0.9994185566902161,0.08791736513376236,0.35844025015830994,0.14330598711967468,0.5857481360435486,-0.01815211959183216,0.3804403245449066,-0.07998407632112503,0.9335217475891113,0.024058202281594276,0.7087622880935669,0.2479492425918579,0.6923367977142334,-0.05681869015097618,0.765354335308075,-0.0349375382065773,0.9271016120910645,0.016933893784880638,0.7558929324150085,0.252467542886734,0.7004662156105042,-0.05728546157479286,0.8103878498077393,-0.035868141800165176,0.7988190650939941,0.14976994693279266,0.8050908446311951,0.18787620961666107,0.7843047976493835,0.027499735355377197,0.8734807372093201,-0.1466445028781891,0.9246044158935547
0.18555763363838196,-0.6275139451026917,-0.05983475223183632,0.9993525743484497,0.18039578199386597,-0.6662185788154602,-0.0465872623026371,0.9992304444313049,0.17988485097885132,-0.6662186980247498,-0.04842383414506912,0.9989075660705566,0.18032391369342804,-0.6664974093437195,-0.04659367352724075,0.9991545081138611,0.16214106976985931,-0.6668369770050049,-0.07546854764223099,0.9992949366569519,0.1645752489566803,-0.6674625277519226,-0.07558756321668625,0.9991894960403442,0.16391521692276,-0.6663945317268372,-0.07171253859996796,0.9992707967758179,0.11767154186964035,-0.665700376033783,0.04999200627207756,0.9989165663719177,0.05318626016378403,-0.6601791977882385,-0.07692525535821915,0.9993090033531189,0.15896344184875488,-0.6035508513450623,-0.028010845184326172,0.9987501502037048,0.1378442645072937,-0.6007883548736572,-0.059804581105709076,0.9991937279701233,0.13095352053642273,-0.49946802854537964,0.14311601221561432,0.9985114336013794,-0.03206999599933624,-0.5271936058998108,-0.14407579600811005,0.9994054436683655,0.2681847810745239,-0.48346930742263794,0.12367182224988937,0.4224432408809662,0.058434437960386276,-0.5658932328224182,-0.26085227727890015,0.9831094145774841,0.2481856346130371,-0.6335240006446838,0.021154511719942093,0.5306212902069092,0.17990423738956451,-0.7000945210456848,-0.2277139127254486,0.9291825294494629,0.23412518203258514,-0.6648474335670471,-0.010243992321193218,0.4558856189250946,0.20084916055202484,-0.7181357741355896,-0.25708380341529846,0.8750640749931335,0.20913764834403992,-0.685722291469574,0.0004566881980281323,0.4448937475681305,0.20020711421966553,-0.7134577631950378,-0.24987883865833282,0.8615223169326782,0.2303992360830307,-0.6478451490402222,0.01663137413561344,0.44629213213920593,0.18256066739559174,-0.6974905133247375,-0.22573734819889069,0.8220859169960022,0.06001054868102074,0.007251732982695103,0.08510036766529083,0.9994975924491882,-0.06042783707380295,-0.007900640368461609,-0.08452394604682922,0.9994556903839111,0.0757143497467041,0.36162689328193665,0.1390261948108673,0.5804482102394104,-0.029377197846770287,0.3840261399745941,-0.08021984249353409,0.9332612156867981,0.017470579594373703,0.7059143781661987,0.25534218549728394,0.6841242909431458,-0.06338974833488464,0.7697718143463135,-0.027734559029340744,0.9282674193382263,0.015127759426832199,0.7520998120307922,0.260768860578537,0.6922081708908081,-0.06341401487588882,0.8143445253372192,-0.028221605345606804,0.7974866032600403,0.1309514045715332,0.8012911081314087,0.19154536724090576,0.7779389023780823,0.012069531716406345,0.8726269006729126,-0.1430148333311081,0.9251148700714111
0.177390918135643,-0.6281096339225769,-0.08254823088645935,0.9994083642959595,0.17504927515983582,-0.6661722660064697,-0.06724689900875092,0.9992928504943848,0.17455796897411346,-0.6661617159843445,-0.06912989914417267,0.9989941716194153,0.175039604306221,-0.6664175391197205,-0.06729055941104889,0.9992184638977051,0.15393899381160736,-0.6674027442932129,-0.09561140835285187,0.9993546009063721,0.15642382204532623,-0.668019711971283,-0.09574687480926514,0.9992588758468628,0.15578511357307434,-0.6669439673423767,-0.09189184010028839,0.99933260679245,0.11923451721668243,-0.665182888507843,0.03939113765954971,0.9989970326423645,0.04105738550424576,-0.6604410409927368,-0.0793028324842453,0.9993704557418823,0.15374533832073212,-0.6035208106040955,-0.047882720828056335,0.9988600015640259,0.12754370272159576,-0.601531982421875,-0.07915056496858597,0.9992672204971313,0.13475525379180908,-0.4989619851112366,0.12583306431770325,0.9985907077789307,-0.057381968945264816,-0.5271152853965759,-0.1436934471130371,0.9994450211524963,0.2696789801120758,-0.4820602536201477,0.09314267337322235,0.447735458612442,-0.002591107739135623,-0.5674688816070557,-0.3023318648338318,0.9844478368759155,0.2421266734600067,-0.6289973855018616,-0.01967383176088333,0.5506727695465088,0.13455486297607422,-0.6974233984947205,-0.310074120759964,0.9333228468894958,0.22573578357696533,-0.6602926850318909,-0.05303540453314781,0.47066524624824524,0.16029466688632965,-0.7151022553443909,-0.3441852927207947,0.8791493773460388,0.19854047894477844,-0.679244875907898,-0.04447905719280243,0.4595485031604767,0.16594195365905762,-0.7076117992401123,-0.3282086253166199,0.8657613396644592,0.2225627303123474,-0.6417338848114014,-0.02515156753361225,0.46151554584503174,0.14030486345291138,-0.6920467019081116,-0.3056170344352722,0.8278985619544983,0.06619039922952652,0.00756752397865057,0.07832208275794983,0.9995341300964355,-0.06662058085203171,-0.00822401698678732,-0.07771260291337967,0.9994987845420837,0.06878909468650818,0.35841137170791626,0.13202328979969025,0.5757730007171631,-0.03913407027721405,0.38293835520744324,-0.07421688735485077,0.930119514465332,0.017635662108659744,0.7034412026405334,0.23955003917217255,0.6734010577201843,-0.07436338067054749,0.7664986848831177,-0.016800876706838608,0.9266660213470459,0.016790760681033134,0.7493094205856323,0.24485664069652557,0.6821556091308594,-0.0742940828204155,0.8106870055198669,-0.01732335425913334,0.790887176990509,0.12064205855131149,0.7972934246063232,0.17485596239566803,0.770447313785553,-0.007175021804869175,0.8678178787231445,-0.13617351651191711,0.923505961894989
0.17213276028633118,-0.6341805458068848,-0.07949695736169815,0.9994643926620483,0.1710112988948822,-0.6715335249900818,-0.06422238051891327,0.9993585348129272,0.17049698531627655,-0.671565055847168,-0.06601256132125854,0.9990867972373962,0.17096513509750366,-0.6717937588691711,-0.06417791545391083,0.9992893934249878,0.14883698523044586,-0.6734762787818909,-0.09288705885410309,0.9994149804115295,0.15131130814552307,-0.674117922782898,-0.09302765130996704,0.9993281960487366,0.15067912638187408,-0.6730154156684875,-0.08915548026561737,0.9993946552276611,0.12105096131563187,-0.6669231057167053,0.04100425913929939,0.999089241027832,0.036843497306108475,-0.6661449074745178,-0.07876718044281006,0.9994297623634338,0.15083828568458557,-0.6088383197784424,-0.04488225653767586,0.9989661574363708,0.12287744879722595,-0.6080127954483032,-0.07638372480869293,0.9993366599082947,0.13517682254314423,-0.5054289102554321,0.12954270839691162,0.9986672401428223,-0.05777442455291748,-0.5344634652137756,-0.13195383548736572,0.9994845390319824,0.2693239152431488,-0.5106140971183777,0.10933438688516617,0.46086686849594116,0.004066466353833675,-0.6157838106155396,-0.2533145546913147,0.9855673313140869,0.23690694570541382,-0.667525053024292,0.05446450039744377,0.5583152770996094,0.14143647253513336,-0.7239134311676025,-0.19023482501506805,0.9354027509689331,0.21780680119991302,-0.697787880897522,0.028698939830064774,0.4730384945869446,0.1657705456018448,-0.7320702075958252,-0.2111184149980545,0.8792893886566162,0.19083820283412933,-0.7128946185112,0.04126470908522606,0.46136152744293213,0.17211532592773438,-0.7160600423812866,-0.1961880922317505,0.8655520677566528,0.21660438179969788,-0.678161084651947,0.05267968401312828,0.46358153223991394,0.14706727862358093,-0.7134580016136169,-0.18400803208351135,0.8289464712142944,0.0685308650135994,0.007596552837640047,0.07611482590436935,0.9995683431625366,-0.06895751506090164,-0.008250539191067219,-0.07555800676345825,0.9995412230491638,0.07381416112184525,0.3590575158596039,0.13549844920635223,0.578688383102417,-0.04821247607469559,0.38115593791007996,-0.07316887378692627,0.9324387311935425,0.016661321744322777,0.7014689445495605,0.2567020356655121,0.6724920272827148,-0.08521831035614014,0.7708593606948853,-0.01886749640107155,0.9295465350151062,0.016700252890586853,0.7473397850990295,0.2634771466255188,0.6832742094993591,-0.08488865941762924,0.8158797025680542,-0.019024379551410675,0.7969207763671875,0.11911014467477798,0.7965733408927917,0.20279060304164886,0.7700240612030029,-0.019947584718465805,0.8733207583427429,-0.13024838268756866,0.925478994846344
